-- Languages --

INSERT INTO language (id, name, interface, training) VALUES
('eng', 'English', TRUE, TRUE),
('deu', 'Deutsch', TRUE, TRUE),
('pol', 'Polski', TRUE, TRUE);

-- Contrasts --

SELECT pg_catalog.setval('"contrast_id_seq"', 16, TRUE);

INSERT INTO contrast (language, name, id, ready) VALUES
('eng', 'ee/i', 1, TRUE),
('eng', 's/th', 2, TRUE),
('eng', 'i/e', 3, FALSE),
('eng', 'e/a', 4, FALSE),
('eng', 'a/u', 5, FALSE),
('eng', 'u/o', 6, FALSE),
('eng', 'f/th', 7, FALSE),
('eng', 'z/th', 8, FALSE),
('eng', 'b/v', 9, FALSE),
('eng', 'v/w', 10, FALSE),
('eng', 'l/r', 11, FALSE),
('deu', 'ch/sch', 12, FALSE),
('deu', 'ü/u long', 13, FALSE),
('pol', 'ć/cz', 14, FALSE),
('pol', 'ś/sz', 15, FALSE),
('pol', 'ź/ż', 16, FALSE);

-- Items --

SELECT pg_catalog.setval('"item_id_seq"', 784, TRUE);

INSERT INTO item (language, homophones, id, comment) VALUES
('eng', '{"whale","wail"}', 1, null),
('eng', '{"myth"}', 2, null),
('eng', '{"bat"}', 3, null),
('eng', '{"tithe"}', 4, null),
('eng', '{"paddle"}', 5, null),
('eng', '{"vary"}', 6, null),
('eng', '{"seal"}', 7, null),
('eng', '{"send"}', 8, null),
('eng', '{"nut"}', 9, null),
('eng', '{"fen"}', 10, null),
('eng', '{"rise"}', 11, null),
('eng', '{"thick"}', 12, null),
('eng', '{"bead"}', 13, null),
('eng', '{"fees"}', 14, null),
('eng', '{"pot"}', 15, null),
('eng', '{"sleeper"}', 17, null),
('eng', '{"jam"}', 18, null),
('eng', '{"cult"}', 19, null),
('eng', '{"track"}', 20, null),
('eng', '{"Kenyan"}', 21, null),
('eng', '{"head"}', 22, null),
('eng', '{"deed"}', 23, null),
('eng', '{"wow"}', 24, null),
('eng', '{"wreck"}', 25, null),
('eng', '{"sank"}', 26, null),
('eng', '{"goss"}', 27, null),
('eng', '{"live"}', 28, null),
('eng', '{"pog"}', 29, null),
('eng', '{"sleet"}', 30, null),
('eng', '{"bid"}', 31, null),
('eng', '{"fawn"}', 32, null),
('eng', '{"lid"}', 33, null),
('eng', '{"sought","sort"}', 34, null),
('eng', '{"fizz"}', 36, null),
('eng', '{"will"}', 37, null),
('eng', '{"thing"}', 38, null),
('eng', '{"bent"}', 39, null),
('eng', '{"bog"}', 40, null),
('eng', '{"marry"}', 41, null),
('eng', '{"thank"}', 42, null),
('eng', '{"slit"}', 43, null),
('eng', '{"moss"}', 44, null),
('eng', '{"rut"}', 85, null),
('eng', '{"doff"}', 86, null),
('eng', '{"lows"}', 87, null),
('eng', '{"cup"}', 88, null),
('eng', '{"boat"}', 89, null),
('eng', '{"writhe"}', 90, null),
('eng', '{"reed","read"}', 16, 'will read'),
('eng', '{"piss"}', 45, null),
('eng', '{"keen"}', 46, null),
('eng', '{"tum"}', 47, null),
('eng', '{"think"}', 48, null),
('eng', '{"canyon"}', 49, null),
('eng', '{"grin"}', 50, null),
('eng', '{"worth"}', 51, null),
('eng', '{"thorn"}', 52, null),
('eng', '{"pick"}', 53, null),
('eng', '{"hid"}', 54, null),
('eng', '{"collar"}', 55, null),
('eng', '{"vote"}', 56, null),
('eng', '{"pill"}', 57, null),
('eng', '{"lettuce"}', 58, null),
('eng', '{"heed"}', 59, null),
('eng', '{"salary"}', 60, null),
('eng', '{"sid"}', 61, null),
('eng', '{"vile","vial"}', 62, null),
('eng', '{"cheap","cheep"}', 63, null),
('eng', '{"sock"}', 64, null),
('eng', '{"peak","peek"}', 65, null),
('eng', '{"thumb"}', 66, null),
('eng', '{"sheep"}', 67, null),
('eng', '{"sink"}', 68, null),
('eng', '{"ran"}', 69, null),
('eng', '{"rid"}', 70, null),
('eng', '{"pitch"}', 71, null),
('eng', '{"beater"}', 72, null),
('eng', '{"meet","meat"}', 73, null),
('eng', '{"heat"}', 74, null),
('eng', '{"bail","bale"}', 75, null),
('eng', '{"met"}', 76, null),
('eng', '{"not"}', 77, null),
('eng', '{"mat","matt"}', 78, null),
('eng', '{"meal"}', 79, null),
('eng', '{"Mao''s"}', 80, null),
('eng', '{"Streep"}', 81, null),
('eng', '{"while"}', 82, null),
('eng', '{"colour"}', 83, null),
('eng', '{"hill"}', 84, null),
('eng', '{"runt"}', 412, null),
('eng', '{"had"}', 91, null),
('eng', '{"sigh"}', 92, null),
('eng', '{"thin"}', 93, null),
('eng', '{"team","teem"}', 94, null),
('eng', '{"heal","heel"}', 95, null),
('eng', '{"force"}', 96, null),
('eng', '{"path"}', 97, null),
('eng', '{"thong"}', 98, null),
('eng', '{"pedal"}', 99, null),
('eng', '{"dipper"}', 100, null),
('eng', '{"vine"}', 101, null),
('eng', '{"neat"}', 102, null),
('eng', '{"dip"}', 103, null),
('eng', '{"sit"}', 104, null),
('eng', '{"beach","beech"}', 105, null),
('eng', '{"gross"}', 106, null),
('eng', '{"bitch"}', 107, null),
('eng', '{"shit"}', 109, null),
('eng', '{"song"}', 110, null),
('eng', '{"land"}', 111, null),
('eng', '{"saw","sore"}', 112, null),
('eng', '{"wane","Wayne"}', 113, null),
('eng', '{"pen"}', 114, null),
('eng', '{"seen","scene"}', 115, null),
('eng', '{"peach"}', 116, null),
('eng', '{"for","four","fore"}', 118, null),
('eng', '{"ten"}', 119, null),
('eng', '{"Ken"}', 120, null),
('eng', '{"with"}', 121, null),
('eng', '{"fill"}', 122, null),
('eng', '{"bays"}', 123, null),
('eng', '{"steel","steal","stele"}', 124, null),
('eng', '{"pug"}', 125, null),
('eng', '{"veal"}', 126, null),
('eng', '{"red","read"}', 108, 'have read'),
('eng', '{"lead"}', 117, 'will lead'),
('eng', '{"puddle"}', 413, null),
('eng', '{"fun"}', 414, null),
('eng', '{"pun"}', 415, null),
('eng', '{"mutt"}', 416, null),
('eng', '{"puck"}', 417, null),
('eng', '{"bun"}', 418, null),
('eng', '{"truck"}', 419, null),
('eng', '{"rat"}', 420, null),
('eng', '{"mac"}', 421, null),
('eng', '{"stack"}', 422, null),
('eng', '{"butter"}', 423, null),
('eng', '{"tongues"}', 424, null),
('eng', '{"tongs"}', 425, null),
('eng', '{"wonder"}', 426, null),
('eng', '{"wander"}', 427, null),
('eng', '{"wheat"}', 127, null),
('eng', '{"fought","fort"}', 128, null),
('eng', '{"bin"}', 129, null),
('eng', '{"bot"}', 130, null),
('eng', '{"cop"}', 131, null),
('eng', '{"barf"}', 132, null),
('eng', '{"fist"}', 133, null),
('eng', '{"roof"}', 134, null),
('eng', '{"tin"}', 135, null),
('eng', '{"wend"}', 136, null),
('eng', '{"keep"}', 137, null),
('eng', '{"berry","bury"}', 138, null),
('eng', '{"bane"}', 139, null),
('eng', '{"deeper"}', 140, null),
('eng', '{"wean"}', 141, null),
('eng', '{"vicar"}', 142, null),
('eng', '{"seek","sikh"}', 143, null),
('eng', '{"best"}', 144, null),
('eng', '{"muck"}', 145, null),
('eng', '{"miff"}', 146, null),
('eng', '{"peel"}', 147, null),
('eng', '{"thought"}', 148, null),
('eng', '{"it"}', 149, null),
('eng', '{"van"}', 150, null),
('eng', '{"sheen"}', 151, null),
('eng', '{"wind"}', 152, null),
('eng', '{"bile"}', 153, null),
('eng', '{"faith"}', 154, null),
('eng', '{"seed"}', 155, null),
('eng', '{"tenth"}', 156, null),
('eng', '{"rot"}', 157, null),
('eng', '{"meek"}', 158, null),
('eng', '{"eat"}', 159, null),
('eng', '{"sat"}', 160, null),
('eng', '{"sill"}', 161, null),
('eng', '{"kin"}', 162, null),
('eng', '{"set"}', 163, null),
('eng', '{"bug"}', 164, null),
('eng', '{"leave"}', 165, null),
('eng', '{"Mick"}', 166, null),
('eng', '{"wren"}', 167, null),
('eng', '{"chuck"}', 169, null),
('eng', '{"grit"}', 170, null),
('eng', '{"sat"}', 168, null),
('eng', '{"come"}', 428, null),
('eng', '{"com"}', 429, null),
('eng', '{"done"}', 430, null),
('eng', '{"don"}', 431, null),
('eng', '{"Somme"}', 432, null),
('eng', '{"low"}', 433, null),
('eng', '{"allow"}', 434, null),
('eng', '{"allows"}', 435, null),
('eng', '{"arouse"}', 436, null),
('eng', '{"alive"}', 437, null),
('eng', '{"arrive"}', 438, null),
('eng', '{"teen"}', 171, null),
('eng', '{"bolt"}', 172, null),
('eng', '{"wicker"}', 173, null),
('eng', '{"better"}', 174, null),
('eng', '{"volt"}', 175, null),
('eng', '{"can"}', 176, null),
('eng', '{"dead"}', 177, null),
('eng', '{"sack"}', 178, null),
('eng', '{"shut"}', 179, null),
('eng', '{"win"}', 180, null),
('eng', '{"vet"}', 181, null),
('eng', '{"gnat"}', 182, null),
('eng', '{"fan"}', 183, null),
('eng', '{"gem"}', 184, null),
('eng', '{"Ron"}', 185, null),
('eng', '{"sad"}', 186, null),
('eng', '{"men"}', 187, null),
('eng', '{"tense"}', 188, null),
('eng', '{"deep"}', 189, null),
('eng', '{"fed"}', 190, null),
('eng', '{"size"}', 191, null),
('eng', '{"fourth","forth"}', 192, null),
('eng', '{"feel"}', 193, null),
('eng', '{"strip"}', 194, null),
('eng', '{"moth"}', 195, null),
('eng', '{"zen"}', 196, null),
('eng', '{"guess"}', 197, null),
('eng', '{"bag"}', 198, null),
('eng', '{"ill"}', 199, null),
('eng', '{"third"}', 200, null),
('eng', '{"purse"}', 201, null),
('eng', '{"thaw","Thor"}', 202, null),
('eng', '{"trek"}', 203, null),
('eng', '{"still"}', 204, null),
('eng', '{"palette"}', 205, null),
('eng', '{"greet"}', 206, null),
('eng', '{"shot"}', 207, null),
('eng', '{"and"}', 208, null),
('eng', '{"then"}', 209, null),
('eng', '{"vain","vane"}', 210, null),
('eng', '{"Gus"}', 211, null),
('eng', '{"theme"}', 212, null),
('eng', '{"feet","feat"}', 213, null),
('eng', '{"tit"}', 215, null),
('eng', '{"rant"}', 216, null),
('eng', '{"wraith"}', 217, null),
('eng', '{"sump"}', 218, null),
('eng', '{"sum","some"}', 301, null),
('eng', '{"fly"}', 439, null),
('eng', '{"fry"}', 440, null),
('eng', '{"light"}', 441, null),
('eng', '{"long"}', 442, null),
('eng', '{"wrong"}', 443, null),
('eng', '{"collect"}', 444, null),
('eng', '{"correct"}', 445, null),
('eng', '{"glamour"}', 446, null),
('eng', '{"grammar"}', 447, null),
('eng', '{"glam"}', 448, null),
('eng', '{"kip"}', 219, null),
('eng', '{"ban"}', 220, null),
('eng', '{"worse"}', 221, null),
('eng', '{"hot"}', 222, null),
('eng', '{"wizz"}', 223, null),
('eng', '{"veil","vale"}', 224, null),
('eng', '{"peat","pete"}', 225, null),
('eng', '{"tan"}', 226, null),
('eng', '{"surd"}', 227, null),
('eng', '{"very"}', 228, null),
('eng', '{"hit"}', 229, null),
('eng', '{"furred"}', 230, null),
('eng', '{"scythe"}', 231, null),
('eng', '{"bend"}', 232, null),
('eng', '{"lays"}', 233, null),
('eng', '{"beat","beet"}', 234, null),
('eng', '{"green"}', 235, null),
('eng', '{"wit"}', 236, null),
('eng', '{"colt"}', 237, null),
('eng', '{"growth"}', 238, null),
('eng', '{"bet"}', 239, null),
('eng', '{"bathe"}', 240, null),
('eng', '{"heap"}', 241, null),
('eng', '{"pit"}', 242, null),
('eng', '{"choc"}', 243, null),
('eng', '{"pack"}', 244, null),
('eng', '{"verse"}', 245, null),
('eng', '{"lend"}', 246, null),
('eng', '{"face"}', 247, null),
('eng', '{"wet"}', 248, null),
('eng', '{"sleep"}', 249, null),
('eng', '{"vent"}', 250, null),
('eng', '{"doth"}', 251, null),
('eng', '{"Perth"}', 252, null),
('eng', '{"hip"}', 253, null),
('eng', '{"vest"}', 254, null),
('eng', '{"sec"}', 255, null),
('eng', '{"stock"}', 256, null),
('eng', '{"race"}', 257, null),
('eng', '{"pellet"}', 258, null),
('eng', '{"hell"}', 259, null),
('eng', '{"shun"}', 260, null),
('eng', '{"shone"}', 261, null),
('eng', '{"rent"}', 262, null),
('eng', '{"mock"}', 263, null),
('eng', '{"wick"}', 264, null),
('eng', '{"net"}', 265, null),
('eng', '{"mitt"}', 266, null),
('eng', '{"bad"}', 267, null),
('eng', '{"end"}', 268, null),
('eng', '{"slipper"}', 269, null),
('eng', '{"sing"}', 302, null),
('eng', '{"sick"}', 270, null),
('eng', '{"beg"}', 271, null),
('eng', '{"pat"}', 272, null),
('eng', '{"mouse"}', 273, null),
('eng', '{"suck"}', 274, null),
('eng', '{"slip"}', 275, null),
('eng', '{"did"}', 276, null),
('eng', '{"thump"}', 277, null),
('eng', '{"weaned"}', 278, null),
('eng', '{"mouthe"}', 279, null),
('eng', '{"shin"}', 280, null),
('eng', '{"bean","been"}', 281, null),
('eng', '{"chick"}', 282, null),
('eng', '{"teat"}', 283, null),
('eng', '{"Ben"}', 284, null),
('eng', '{"thigh"}', 285, null),
('eng', '{"peace","piece"}', 286, null),
('eng', '{"miss"}', 287, null),
('eng', '{"loathe"}', 288, null),
('eng', '{"ship"}', 289, null),
('eng', '{"reek","wreak"}', 290, null),
('eng', '{"Tim"}', 291, null),
('eng', '{"sawn"}', 292, null),
('eng', '{"fit"}', 293, null),
('eng', '{"pan"}', 294, null),
('eng', '{"celery"}', 295, null),
('eng', '{"bitter"}', 296, null),
('eng', '{"man"}', 297, null),
('eng', '{"sin"}', 298, null),
('eng', '{"mouth"}', 299, null),
('eng', '{"said"}', 300, null),
('eng', '{"ton"}', 406, null),
('eng', '{"shat"}', 407, null),
('eng', '{"cap"}', 408, null),
('eng', '{"hull"}', 409, null),
('eng', '{"dud"}', 410, null),
('eng', '{"bud"}', 411, null),
('eng', '{"knit","nit"}', 303, null),
('eng', '{"hut"}', 304, null),
('eng', '{"went"}', 305, null),
('eng', '{"wine","whine"}', 306, null),
('eng', '{"Ruth"}', 307, null),
('eng', '{"sand"}', 308, null),
('eng', '{"cheek"}', 309, null),
('eng', '{"bed"}', 310, null),
('eng', '{"bath"}', 312, null),
('eng', '{"stuck"}', 313, null),
('eng', '{"pet"}', 314, null),
('eng', '{"ties"}', 315, null),
('eng', '{"putt"}', 316, null),
('eng', '{"seat"}', 317, null),
('eng', '{"rack"}', 318, null),
('eng', '{"fin"}', 319, null),
('eng', '{"lathe"}', 320, null),
('eng', '{"wheel","we''ll"}', 321, null),
('eng', '{"merry"}', 322, null),
('eng', '{"gas"}', 323, null),
('eng', '{"sheet"}', 324, null),
('eng', '{"run"}', 325, null),
('eng', '{"when"}', 326, null),
('eng', '{"week","weak"}', 327, null),
('eng', '{"bit"}', 328, null),
('eng', '{"vend"}', 329, null),
('eng', '{"west"}', 330, null),
('eng', '{"lattice"}', 331, null),
('eng', '{"vat"}', 332, null),
('eng', '{"vow"}', 333, null),
('eng', '{"pass"}', 334, null),
('eng', '{"feast"}', 335, null),
('eng', '{"peck"}', 336, null),
('eng', '{"bicker"}', 337, null),
('eng', '{"Tom"}', 338, null),
('eng', '{"weaker"}', 339, null),
('eng', '{"fad"}', 340, null),
('eng', '{"chip"}', 341, null),
('eng', '{"mill"}', 342, null),
('eng', '{"but","butt"}', 343, null),
('eng', '{"wary"}', 344, null),
('eng', '{"eel"}', 345, null),
('eng', '{"seem","seam"}', 346, null),
('eng', '{"lad"}', 347, null),
('eng', '{"dad"}', 348, null),
('eng', '{"wrist"}', 371, null),
('eng', '{"Sid"}', 372, null),
('eng', '{"bough","bow"}', 311, 'bow down, take a bow'),
('eng', '{"a row"}', 349, 'an argument'),
('eng', '{"rowed"}', 350, 'had an argument'),
('eng', '{"raw","roar"}', 352, null),
('eng', '{"roe","row"}', 353, 'row your boat'),
('eng', '{"right","write","rite"}', 354, null),
('eng', '{"blew","blue"}', 355, null),
('eng', '{"flea","flee"}', 356, null),
('eng', '{"law","lore"}', 351, null),
('eng', '{"led","lead"}', 35, 'pencil lead'),
('eng', '{"freeze","frees"}', 357, null),
('eng', '{"fleas","flees"}', 358, null),
('eng', '{"raise","raze"}', 359, null),
('eng', '{"clack","claque"}', 360, null),
('eng', '{"creak","creek"}', 361, null),
('eng', '{"graze","greys"}', 362, null),
('eng', '{"rob","Rob"}', 363, null),
('eng', '{"Rick","rick"}', 214, null),
('deu', '{"Fluge"}', 364, 'die Zeit vergeht im Fluge'),
('deu', '{"Zuge"}', 365, 'im Zuge von'),
('deu', '{"Schuler"}', 366, 'Familienname'),
('pol', '{"ziet"}', 367, 'litera'),
('pol', '{"żet"}', 368, 'litera'),
('eng', '{"bow"}', 369, 'bow tie, bow and arrows'),
('eng', '{"rest","wrest"}', 370, null),
('eng', '{"Hal"}', 373, null),
('eng', '{"belly"}', 374, null),
('eng', '{"batter"}', 375, null),
('eng', '{"serum"}', 376, null),
('eng', '{"theorem"}', 377, null),
('eng', '{"Mel"}', 378, null),
('eng', '{"fell"}', 379, null),
('eng', '{"Jill"}', 380, null),
('eng', '{"gel"}', 381, null),
('eng', '{"pin"}', 382, null),
('eng', '{"well"}', 383, null),
('eng', '{"sell"}', 384, null),
('eng', '{"fest"}', 385, null),
('eng', '{"fez"}', 386, null),
('eng', '{"big"}', 387, null),
('eng', '{"pig"}', 388, null),
('eng', '{"peg"}', 389, null),
('eng', '{"tint"}', 390, null),
('eng', '{"tent"}', 391, null),
('eng', '{"check"}', 392, null),
('eng', '{"whist"}', 393, null),
('eng', '{"bill"}', 394, null),
('eng', '{"bell"}', 395, null),
('eng', '{"Billy"}', 396, null),
('eng', '{"Jim"}', 397, null),
('eng', '{"trick"}', 398, null),
('eng', '{"Livy"}', 399, null),
('eng', '{"levy"}', 400, null),
('eng', '{"rad"}', 401, null),
('eng', '{"at"}', 402, null),
('eng', '{"pellets"}', 403, null),
('eng', '{"palettes"}', 404, null),
('eng', '{"hat"}', 405, null),
('eng', '{"gram"}', 449, null),
('eng', '{"glass"}', 450, null),
('eng', '{"grass"}', 451, null),
('eng', '{"lace"}', 452, null),
('eng', '{"lane"}', 453, null),
('eng', '{"rain"}', 454, null),
('eng', '{"leader"}', 455, null),
('eng', '{"reader"}', 456, null),
('eng', '{"lighter"}', 457, null),
('eng', '{"writer"}', 458, null),
('eng', '{"load"}', 459, null),
('eng', '{"road"}', 460, null),
('eng', '{"lock"}', 461, null),
('eng', '{"rock"}', 462, null),
('eng', '{"locker"}', 463, null),
('eng', '{"rocker"}', 464, null),
('eng', '{"lot"}', 465, null),
('eng', '{"play"}', 466, null),
('eng', '{"pray"}', 467, null),
('eng', '{"brew"}', 468, null),
('eng', '{"blush"}', 469, null),
('eng', '{"brush"}', 470, null),
('eng', '{"clash"}', 471, null),
('eng', '{"crash"}', 472, null),
('eng', '{"clown"}', 473, null),
('eng', '{"crown"}', 474, null),
('eng', '{"glow"}', 475, null),
('eng', '{"grow"}', 476, null),
('eng', '{"lack"}', 477, null),
('eng', '{"lamb"}', 478, null),
('eng', '{"ram"}', 479, null),
('eng', '{"lice"}', 480, null),
('eng', '{"rice"}', 481, null),
('eng', '{"lied"}', 482, null),
('eng', '{"ride"}', 483, null),
('eng', '{"lies"}', 484, null),
('eng', '{"lip"}', 485, null),
('eng', '{"rip"}', 486, null),
('eng', '{"list"}', 487, null),
('eng', '{"locket"}', 488, null),
('eng', '{"rocket"}', 489, null),
('eng', '{"rose"}', 490, null),
('eng', '{"luck"}', 491, null),
('eng', '{"ruck"}', 492, null),
('eng', '{"lush"}', 493, null),
('eng', '{"rush"}', 494, null),
('eng', '{"pilot"}', 495, null),
('eng', '{"pirate"}', 496, null),
('eng', '{"blues"}', 497, null),
('eng', '{"bruise"}', 498, null),
('eng', '{"laid"}', 499, null),
('eng', '{"raid"}', 500, null),
('eng', '{"lair"}', 501, null),
('eng', '{"rare"}', 502, null),
('eng', '{"lamp"}', 503, null),
('eng', '{"ramp"}', 504, null),
('eng', '{"lap"}', 505, null),
('eng', '{"wrap"}', 506, null),
('eng', '{"late"}', 507, null),
('eng', '{"rate"}', 508, null),
('eng', '{"lay"}', 509, null),
('eng', '{"ray"}', 510, null),
('eng', '{"leech"}', 511, null),
('eng', '{"reach"}', 512, null),
('eng', '{"lentil"}', 513, null),
('eng', '{"rental"}', 514, null),
('eng', '{"loot"}', 515, null),
('eng', '{"root"}', 516, null),
('eng', '{"loyal"}', 517, null),
('eng', '{"royal"}', 518, null),
('eng', '{"blacken"}', 519, null),
('eng', '{"bracken"}', 520, null),
('eng', '{"blight"}', 521, null),
('eng', '{"bright"}', 522, null),
('eng', '{"free"}', 523, null),
('eng', '{"gland"}', 524, null),
('eng', '{"grand"}', 525, null),
('eng', '{"jelly"}', 526, null),
('eng', '{"jerry"}', 527, null),
('eng', '{"lag"}', 528, null),
('eng', '{"rag"}', 529, null),
('eng', '{"lagging"}', 530, null),
('eng', '{"ragging"}', 531, null),
('eng', '{"lake"}', 532, null),
('eng', '{"rake"}', 533, null),
('eng', '{"lank"}', 534, null),
('eng', '{"rank"}', 535, null),
('eng', '{"lash"}', 536, null),
('eng', '{"rash"}', 537, null),
('eng', '{"laze"}', 538, null),
('eng', '{"leek"}', 539, null),
('eng', '{"leap"}', 540, null),
('eng', '{"reap"}', 541, null),
('eng', '{"leer"}', 542, null),
('eng', '{"rear"}', 543, null),
('eng', '{"lib"}', 544, null),
('eng', '{"rib"}', 545, null),
('eng', '{"lick"}', 546, null),
('eng', '{"limb"}', 547, null),
('eng', '{"rim"}', 548, null),
('eng', '{"lime"}', 549, null),
('eng', '{"rhyme"}', 550, null),
('eng', '{"link"}', 551, null),
('eng', '{"rink"}', 552, null),
('eng', '{"lit"}', 553, null),
('eng', '{"writ"}', 554, null),
('eng', '{"loam"}', 555, null),
('eng', '{"roam"}', 556, null),
('eng', '{"loaves"}', 557, null),
('eng', '{"roves"}', 558, null),
('eng', '{"lob"}', 559, null),
('eng', '{"lobe"}', 560, null),
('eng', '{"robe"}', 561, null),
('eng', '{"look"}', 562, null),
('eng', '{"rook"}', 563, null),
('eng', '{"lute"}', 564, null),
('eng', '{"route"}', 565, null),
('eng', '{"lope"}', 566, null),
('eng', '{"rope"}', 567, null),
('eng', '{"lout"}', 568, null),
('eng', '{"rout"}', 569, null),
('eng', '{"lubber"}', 570, null),
('eng', '{"rubber"}', 571, null),
('eng', '{"lug"}', 572, null),
('eng', '{"rug"}', 573, null),
('eng', '{"lump"}', 574, null),
('eng', '{"rump"}', 575, null),
('eng', '{"lung"}', 576, null),
('eng', '{"rung"}', 577, null),
('eng', '{"lust"}', 578, null),
('eng', '{"rust"}', 579, null),
('eng', '{"splat"}', 580, null),
('eng', '{"sprat"}', 581, null),
('eng', '{"splint"}', 582, null),
('eng', '{"sprint"}', 583, null),
('eng', '{"bled"}', 584, null),
('eng', '{"bread"}', 585, null),
('eng', '{"fled"}', 586, null),
('eng', '{"Fred"}', 587, null),
('eng', '{"flay"}', 588, null),
('eng', '{"fray"}', 589, null),
('eng', '{"loud"}', 590, null),
('eng', '{"splay"}', 591, null),
('eng', '{"spray"}', 592, null),
('eng', '{"splain"}', 593, null),
('eng', '{"sprain"}', 594, null),
('eng', '{"split"}', 595, null),
('eng', '{"sprit"}', 596, null),
('eng', '{"cloud"}', 597, null),
('eng', '{"crowd"}', 598, null),
('eng', '{"crack"}', 599, null),
('eng', '{"clamp"}', 600, null),
('eng', '{"cramp"}', 601, null),
('eng', '{"clank"}', 602, null),
('eng', '{"crank"}', 603, null),
('eng', '{"clap"}', 604, null),
('eng', '{"crap"}', 605, null),
('eng', '{"claw"}', 606, null),
('eng', '{"craw"}', 607, null),
('eng', '{"clique"}', 608, null),
('eng', '{"click"}', 609, null),
('eng', '{"crick"}', 610, null),
('eng', '{"climb"}', 611, null),
('eng', '{"crime"}', 612, null),
('eng', '{"clit"}', 613, null),
('eng', '{"crit"}', 614, null),
('eng', '{"cloak"}', 615, null),
('eng', '{"croak"}', 616, null),
('eng', '{"clone"}', 617, null),
('eng', '{"crone"}', 618, null),
('eng', '{"close"}', 619, null),
('eng', '{"crows"}', 620, null),
('eng', '{"lavish"}', 621, null),
('eng', '{"ravish"}', 622, null),
('eng', '{"glaze"}', 623, null),
('eng', '{"flock"}', 624, null),
('eng', '{"frock"}', 625, null),
('deu', '{"ich"}', 626, null),
('deu', '{"-isch"}', 627, null),
('deu', '{"Wicht"}', 628, null),
('deu', '{"wischt"}', 629, null),
('deu', '{"Kirche"}', 630, null),
('deu', '{"Kirsche"}', 631, null),
('deu', '{"Männchen"}', 632, null),
('deu', '{"Menschen"}', 633, null),
('deu', '{"Löcher"}', 634, null),
('deu', '{"Löscher"}', 635, null),
('deu', '{"Veilchen"}', 636, null),
('deu', '{"feilschen"}', 637, null),
('deu', '{"Gicht"}', 638, null),
('deu', '{"Gischt"}', 639, null),
('deu', '{"welche"}', 640, null),
('deu', '{"welsche"}', 641, null),
('deu', '{"wichen"}', 642, null),
('deu', '{"wischen"}', 643, null),
('deu', '{"ficht"}', 644, null),
('deu', '{"fischt"}', 645, null),
('deu', '{"brechen"}', 646, null),
('deu', '{"Breschen"}', 647, null),
('deu', '{"mich"}', 648, null),
('deu', '{"misch"}', 649, null),
('deu', '{"-malig"}', 650, null),
('deu', '{"malisch"}', 651, null),
('deu', '{"selig"}', 652, null),
('deu', '{"seelisch"}', 653, null),
('deu', '{"gallig"}', 654, null),
('deu', '{"gallisch"}', 655, null),
('deu', '{"Märchen"}', 656, null),
('deu', '{"Märschen"}', 657, null),
('deu', '{"Herrchen"}', 658, null),
('deu', '{"herrschen"}', 659, null),
('deu', '{"Fällchen"}', 660, null),
('deu', '{"fälschen"}', 661, null),
('deu', '{"hallig"}', 662, null),
('deu', '{"Hallisch"}', 663, null),
('deu', '{"hässig"}', 664, null),
('deu', '{"Hessisch"}', 665, null),
('deu', '{"spüren"}', 666, null),
('deu', '{"Spuren"}', 667, null),
('deu', '{"Tüten"}', 668, null),
('deu', '{"Tuten"}', 669, null),
('deu', '{"Güte"}', 670, null),
('deu', '{"gute"}', 671, null),
('deu', '{"schwül"}', 672, null),
('deu', '{"schwul"}', 673, null),
('deu', '{"Mühen"}', 674, null),
('deu', '{"muhen"}', 675, null),
('deu', '{"führen"}', 676, null),
('deu', '{"Fuhren"}', 677, null),
('deu', '{"für"}', 678, null),
('deu', '{"fuhr"}', 679, null),
('deu', '{"würde"}', 680, null),
('deu', '{"wurde"}', 681, null),
('deu', '{"füge"}', 682, null),
('deu', '{"Fuge"}', 683, null),
('deu', '{"Verfügung"}', 684, null),
('deu', '{"Verfugung"}', 685, null),
('deu', '{"dürfte"}', 686, null),
('deu', '{"durfte"}', 687, null),
('deu', '{"Bühne"}', 688, null),
('deu', '{"Buhne"}', 689, null),
('deu', '{"Süd"}', 690, null),
('deu', '{"Sud"}', 691, null),
('deu', '{"kürzen"}', 692, null),
('deu', '{"kurzen"}', 693, null),
('deu', '{"gebührt"}', 694, null),
('deu', '{"Geburt"}', 695, null),
('deu', '{"rüder"}', 696, null),
('deu', '{"Ruder"}', 697, null),
('deu', '{"Füßen"}', 698, null),
('deu', '{"fußen"}', 699, null),
('deu', '{"Brüder"}', 700, null),
('deu', '{"Bruder"}', 701, null),
('deu', '{"Blüten"}', 702, null),
('deu', '{"bluten"}', 703, null),
('deu', '{"Mythen"}', 704, null),
('deu', '{"muten"}', 705, null),
('deu', '{"rühr"}', 706, null),
('deu', '{"Ruhr"}', 707, null),
('deu', '{"grüß"}', 708, null),
('deu', '{"Gruß"}', 709, null),
('deu', '{"stürz"}', 710, null),
('deu', '{"Sturz"}', 711, null),
('deu', '{"Küchen"}', 712, null),
('deu', '{"Kuchen"}', 713, null),
('deu', '{"Flüge"}', 714, null),
('deu', '{"Züge"}', 715, null),
('deu', '{"fürchte"}', 716, null),
('deu', '{"furchte"}', 717, null),
('deu', '{"hüt"}', 718, null),
('deu', '{"Hut"}', 719, null),
('deu', '{"Schüler"}', 720, null),
('pol', '{"ciapki"}', 721, null),
('pol', '{"czapki"}', 722, null),
('pol', '{"zdobyć"}', 723, null),
('pol', '{"zdobycz"}', 724, null),
('pol', '{"płać"}', 725, null),
('pol', '{"płacz"}', 726, null),
('pol', '{"cierpię"}', 727, null),
('pol', '{"czerpię"}', 728, null),
('pol', '{"paćka"}', 729, null),
('pol', '{"paczka"}', 730, null),
('pol', '{"pchać"}', 731, null),
('pol', '{"pchacz"}', 732, null),
('pol', '{"grać"}', 733, null),
('pol', '{"gracz"}', 734, null),
('pol', '{"zmywać"}', 735, null),
('pol', '{"zmywacz"}', 736, null),
('pol', '{"mieć"}', 737, null),
('pol', '{"miecz"}', 738, null),
('pol', '{"wyciekać"}', 739, null),
('pol', '{"wyczekać"}', 740, null),
('pol', '{"krocie"}', 741, null),
('pol', '{"krocze"}', 742, null),
('pol', '{"cierń"}', 743, null),
('pol', '{"czerń"}', 744, null),
('pol', '{"uciecha"}', 745, null),
('pol', '{"u Czecha"}', 746, null),
('pol', '{"w lecie"}', 747, null),
('pol', '{"wlecze"}', 748, null),
('pol', '{"żyć"}', 749, null),
('pol', '{"życz"}', 750, null),
('pol', '{"bić"}', 751, null),
('pol', '{"bicz"}', 752, null),
('pol', '{"Kasia"}', 753, null),
('pol', '{"kasza"}', 754, null),
('pol', '{"prosię"}', 755, null),
('pol', '{"proszę"}', 756, null),
('pol', '{"noś"}', 757, null),
('pol', '{"nosz"}', 758, null),
('pol', '{"wsie"}', 759, null),
('pol', '{"wsze"}', 760, null),
('pol', '{"siata"}', 761, null),
('pol', '{"szata"}', 762, null),
('pol', '{"siara"}', 763, null),
('pol', '{"szara"}', 764, null),
('pol', '{"kuś"}', 765, null),
('pol', '{"kurz"}', 766, null),
('pol', '{"wieś"}', 767, null),
('pol', '{"wiesz"}', 768, null),
('pol', '{"koś"}', 769, null),
('pol', '{"kosz"}', 770, null),
('pol', '{"paś"}', 771, null),
('pol', '{"pasz"}', 772, null),
('pol', '{"Stasiek"}', 773, null),
('pol', '{"Staszek"}', 774, null),
('pol', '{"ziarno"}', 775, null),
('pol', '{"żarno"}', 776, null),
('pol', '{"ziele"}', 777, null),
('pol', '{"żele"}', 778, null),
('pol', '{"ziewnie"}', 779, null),
('pol', '{"rzewnie"}', 780, null),
('pol', '{"paź"}', 781, null),
('pol', '{"parz"}', 782, null),
('pol', '{"buzia"}', 783, null),
('pol', '{"burza"}', 784, null);

-- Audio --

INSERT INTO private.account (username, email, password_hash, interface) VALUES
('kaija', 'kaija@example.com', 'nologin', 'eng'),
('fran', 'fran@example.com', 'nologin', 'eng'),
('alex', 'alex@example.com', 'nologin', 'eng'),
('wozza', 'wozza@example.com', 'nologin', 'eng'),
('stas', 'stas@example.com', 'nologin', 'eng'),
('asher', 'asher@example.com', 'nologin', 'eng');

SELECT public.signup('myusername', 'a@b.com', 'mypassword', 'eng', '{"eng"}', null);

INSERT INTO private.native (account, language) VALUES
('kaija', 'eng'),
('fran', 'eng'),
('alex', 'eng'),
('wozza', 'eng'),
('stas', 'eng'),
('asher', 'eng');

-- TODO rename files
-- TODO only store filename
INSERT INTO audio (file, speaker, item) VALUES
('http://www.minimalbears.com/audio/tfss-899324fe-eb52-4aa2-8e96-a45dba306faa-kaija seek.wav', 'kaija', 143),
('http://www.minimalbears.com/audio/tfss-9c8106a9-0022-4406-aadc-d110bfde490c-fran third.wav', 'fran', 200),
('http://www.minimalbears.com/audio/tfss-e237ddaa-d3e2-4a4d-af85-82f8c7123569-alex chick.wav', 'alex', 282),
('http://www.minimalbears.com/audio/tfss-729f35e4-cf28-494b-ba75-7b204f818cc1-alex wick.wav', 'alex', 264),
('http://www.minimalbears.com/audio/tfss-83b1a680-4161-46ec-89eb-bfc5c7a2053f-wozza bean.wav', 'wozza', 281),
('http://www.minimalbears.com/audio/tfss-8dddc490-74a2-412f-b88b-60668138249c-kaija wean.wav', 'kaija', 141),
('http://www.minimalbears.com/audio/tfss-0bf882e6-0c84-4065-bcd4-37d1d7902848-alex sick.wav', 'alex', 270),
('http://www.minimalbears.com/audio/tfss-beffc3a8-c7e5-4d21-a03b-d3fee3e2dc24-fran feast.wav', 'fran', 335),
('http://www.minimalbears.com/audio/tfss-70929141-b715-4cbd-b3fa-acaf0a18b033-alex sleeper.wav', 'alex', 17),
('http://www.minimalbears.com/audio/tfss-eb0d5521-6eba-4996-bdad-5f265b34a33d-alex thorn.wav', 'alex', 52),
('http://www.minimalbears.com/audio/tfss-0f13d6bc-4dc7-4bcd-bfd3-e1fc2b1146ea-fran feet.wav', 'fran', 213),
('http://www.minimalbears.com/audio/tfss-3e5ca016-2ecf-4df5-beff-fd8bef9fb942-alex miss.wav', 'alex', 287),
('http://www.minimalbears.com/audio/tfss-2d083158-04ad-431c-b00a-be352ca601e9-stas slit.wav', 'stas', 43),
('http://www.minimalbears.com/audio/tfss-1312b05f-36f9-4603-b820-41c616cfbd62-fran thank.wav', 'fran', 42),
('http://www.minimalbears.com/audio/tfss-a81b2081-3253-4b6a-a37d-f6ba186d1bb6-kaija seen.wav', 'kaija', 115),
('http://www.minimalbears.com/audio/tfss-87a4fdad-0b31-4528-907a-e81eaed0e74f-asher will.wav', 'asher', 37),
('http://www.minimalbears.com/audio/tfss-e54b4c40-671f-47ab-a6a3-4df8e87b1a0e-wozza bid.wav', 'wozza', 31),
('http://www.minimalbears.com/audio/tfss-7a11d0bc-e9a5-4920-a8a1-dc42e7761a91-asher sing.wav', 'asher', 302),
('http://www.minimalbears.com/audio/tfss-44e0df59-f1c7-494f-a19b-2f9bd383ea15-stas saw.wav', 'stas', 112),
('http://www.minimalbears.com/audio/tfss-bfff48ad-0e34-411a-8ee4-640c0679744a-stas mouth.wav', 'stas', 299),
('http://www.minimalbears.com/audio/tfss-bfa76cdb-3482-4fe2-9512-f6900081e139-alex seed.wav', 'alex', 155),
('http://www.minimalbears.com/audio/tfss-69d9f2a2-20c5-40e1-9d1c-ef0e2ccc15a9-wozza feast.wav', 'wozza', 335),
('http://www.minimalbears.com/audio/tfss-1820b42d-a0e8-4904-9a61-a98232ea89cb-alex kip.wav', 'alex', 219),
('http://www.minimalbears.com/audio/tfss-a00445e1-7ac9-45ce-af9a-49cb984a5f55-asher wheel.wav', 'asher', 321),
('http://www.minimalbears.com/audio/tfss-a7ce6d45-6f4d-425c-aa92-0a18fc58b078-asher piece.wav', 'asher', 286),
('http://www.minimalbears.com/audio/tfss-e2d8c74c-1a81-41b2-85eb-4bb782e3154a-kaija heat.wav', 'kaija', 74),
('http://www.minimalbears.com/audio/tfss-73a7e618-a0c2-4d45-ac04-ccfcd026efe4-fran sank.wav', 'fran', 26),
('http://www.minimalbears.com/audio/tfss-85ebc17c-64eb-4b36-88a2-a9499606334c-alex heat.wav', 'alex', 74),
('http://www.minimalbears.com/audio/tfss-58425bcf-4d9c-4582-9d58-bb07e74c34f2-wozza keep.wav', 'wozza', 137),
('http://www.minimalbears.com/audio/tfss-eeb6c7a7-6d5d-4337-a7ee-d8f91d7ed802-alex hill.wav', 'alex', 84),
('http://www.minimalbears.com/audio/tfss-a0639b73-40ff-4fd8-bdd1-fcab73ebb6ad-fran peel.wav', 'fran', 147),
('http://www.minimalbears.com/audio/tfss-cee676c4-d803-4d8a-9dbc-4fc4217b18f2-fran moss.wav', 'fran', 44),
('http://www.minimalbears.com/audio/tfss-fae53b1a-a246-4d7e-b027-91afdba98a6b-wozza face.wav', 'wozza', 247),
('http://www.minimalbears.com/audio/tfss-3da7cd67-b650-4079-99f3-048e97c9f1ef-alex sought.wav', 'alex', 34),
('http://www.minimalbears.com/audio/tfss-5ec60199-ed7a-408e-a33d-b173c827f4b3-kaija live.wav', 'kaija', 28),
('http://www.minimalbears.com/audio/tfss-7e9720a3-3a21-4852-8105-f0ddb6aa05d3-wozza pitch.wav', 'wozza', 71),
('http://www.minimalbears.com/audio/tfss-9d6b82a0-315b-452b-affb-e00e28750152-fran sought.wav', 'fran', 34),
('http://www.minimalbears.com/audio/tfss-823499e2-5f98-4f9a-ab29-dff487ec1f11-fran sheen.wav', 'fran', 151),
('http://www.minimalbears.com/audio/tfss-64a685ee-a9b1-4b03-8a4a-a49bd0bae530-alex deep.wav', 'alex', 189),
('http://www.minimalbears.com/audio/tfss-6d902584-7da0-4ca4-9358-1e59028e5522-asher sleeper.wav', 'asher', 17),
('http://www.minimalbears.com/audio/tfss-29027510-996c-4c33-a679-bac04329a0d6-fran piss.wav', 'fran', 45),
('http://www.minimalbears.com/audio/tfss-6e1d16f7-a3ba-444c-a0a8-4544cecd1b38-fran thing.wav', 'fran', 38),
('http://www.minimalbears.com/audio/tfss-4110e03a-fd69-4060-92a4-29f35ddfacb9-fran mouse.wav', 'fran', 273),
('http://www.minimalbears.com/audio/tfss-2955a804-9f93-43d0-9493-795690920cde-alex read.wav', 'alex', 16),
('http://www.minimalbears.com/audio/tfss-e7ce791c-131e-4619-9aa9-838d104eae2f-asher fizz.wav', 'asher', 36),
('http://www.minimalbears.com/audio/tfss-d44c6832-fcd9-4add-9ff1-66b009c412b4-kaija path.wav', 'kaija', 97),
('http://www.minimalbears.com/audio/tfss-85449fbd-8cbb-4c1d-a534-381af81c0a57-alex ship2.wav', 'alex', 289),
('http://www.minimalbears.com/audio/tfss-3b706aeb-f5bb-42c3-bb68-615791982061-fran pitch.wav', 'fran', 71),
('http://www.minimalbears.com/audio/tfss-86b61e03-e7ff-43a4-b334-ec668936bb60-fran thumb.wav', 'fran', 66),
('http://www.minimalbears.com/audio/tfss-806267ad-c9c0-4a85-b966-023794a8f9f3-alex peat.wav', 'alex', 225),
('http://www.minimalbears.com/audio/tfss-0781654b-0e1a-494a-8096-a10f9c706857-asher surd.wav', 'asher', 227),
('http://www.minimalbears.com/audio/tfss-75f57f21-0dff-4fc8-af5b-b079ab551b2b-alex moth.wav', 'alex', 195),
('http://www.minimalbears.com/audio/tfss-e2eefab9-3262-4c85-a9cb-9c475071207c-kaija wheat.wav', 'kaija', 127),
('http://www.minimalbears.com/audio/tfss-62023034-d5d9-4567-a30e-1d185730c57c-asher seed.wav', 'asher', 155),
('http://www.minimalbears.com/audio/tfss-a4acb60c-ec1d-4a75-b808-b1c919c0c844-asher hip.wav', 'asher', 253),
('http://www.minimalbears.com/audio/tfss-80c1f777-7451-4c31-9eff-5830c716a989-wozza live.wav', 'wozza', 28),
('http://www.minimalbears.com/audio/tfss-4d02f0a7-b972-4434-8ae0-61d32c51e4f0-asher greet.wav', 'asher', 206),
('http://www.minimalbears.com/audio/tfss-3fdddc2c-5655-4d19-9adc-421d67c5db9d-stas path.wav', 'stas', 97),
('http://www.minimalbears.com/audio/tfss-7989ecbd-7f39-4656-8ec7-97e966549ac9-fran reek.wav', 'fran', 290),
('http://www.minimalbears.com/audio/tfss-ad44b1e0-3006-4c22-8e88-0b3670536cca-asher race.wav', 'asher', 257),
('http://www.minimalbears.com/audio/tfss-ad0ed64c-5d81-411d-aa46-6c497538b670-fran mill.wav', 'fran', 342),
('http://www.minimalbears.com/audio/tfss-0a753c84-9bf3-4187-a519-6337b20b7c0c-alex sid.wav', 'alex', 61),
('http://www.minimalbears.com/audio/tfss-64f44e64-1b46-4b74-897a-7ce08e6e5797-alex ill.wav', 'alex', 199),
('http://www.minimalbears.com/audio/tfss-555ec7ec-2433-4a2a-b3ac-965df8bb26ec-fran bean.wav', 'fran', 281),
('http://www.minimalbears.com/audio/tfss-91e80769-cd22-4802-809c-78392a9013e5-asher perth.wav', 'asher', 252),
('http://www.minimalbears.com/audio/tfss-ed4ac6b1-03ef-4899-ad24-1386d2498980-kaija saw.wav', 'kaija', 112),
('http://www.minimalbears.com/audio/tfss-969f9701-eff9-457f-8cf4-b9e52d070cca-alex bit.wav', 'alex', 328),
('http://www.minimalbears.com/audio/tfss-599849f0-53a6-46b5-9a38-db84d5e1fa05-alex sheep2.wav', 'alex', 67),
('http://www.minimalbears.com/audio/tfss-92976764-bbe5-4814-b56d-d7414b0bdeb6-fran thin.wav', 'fran', 93),
('http://www.minimalbears.com/audio/tfss-4fe9015b-6dfb-45f2-adc0-f076f5178eb9-alex beach.wav', 'alex', 105),
('http://www.minimalbears.com/audio/tfss-7526d297-91e6-4345-94b0-703f40378bb4-fran meet.wav', 'fran', 73),
('http://www.minimalbears.com/audio/tfss-934f7809-e65a-4fe7-b3d5-362c2d217329-fran race.wav', 'fran', 257),
('http://www.minimalbears.com/audio/tfss-7f150f83-3a97-491f-b751-6de5e1014e89-kaija thump.wav', 'kaija', 277),
('http://www.minimalbears.com/audio/tfss-84018d4e-1ae1-455b-8313-fa932e0a5a25-alex gross.wav', 'alex', 106),
('http://www.minimalbears.com/audio/tfss-61b39ad7-05df-466a-9586-14043554e2aa-fran wean.wav', 'fran', 141),
('http://www.minimalbears.com/audio/tfss-ef308200-6b79-4b90-822e-c1a236b6aed1-asher piss.wav', 'asher', 45),
('http://www.minimalbears.com/audio/tfss-0dc36b1f-bbc2-4cd8-bda7-141faed21521-asher sump.wav', 'asher', 218),
('http://www.minimalbears.com/audio/tfss-e6ea3449-4f47-44de-8fe4-3486902868f4-asher sheep.wav', 'asher', 67),
('http://www.minimalbears.com/audio/tfss-f92743f4-ee74-4a62-91bd-21b6f2d18e60-wozza sigh.wav', 'wozza', 92),
('http://www.minimalbears.com/audio/tfss-083385d1-bf4a-4520-a3a5-5c477e7f5302-asher pit.wav', 'asher', 242),
('http://www.minimalbears.com/audio/tfss-767b1963-017b-42de-8e15-e09aeb3018de-fran tenth.wav', 'fran', 156),
('http://www.minimalbears.com/audio/tfss-bf2e7b2f-1785-4608-b6eb-75a8f1bf613d-kaija pitch.wav', 'kaija', 71),
('http://www.minimalbears.com/audio/tfss-4021ce71-3807-4444-838d-06a931208dc9-kaija deed.wav', 'kaija', 23),
('http://www.minimalbears.com/audio/tfss-3db940b0-2650-43f1-b2af-63f79935de11-fran steal.wav', 'fran', 124),
('http://www.minimalbears.com/audio/tfss-b521c51f-9448-4500-84fa-ddaf831bc892-asher rick.wav', 'asher', 214),
('http://www.minimalbears.com/audio/tfss-b02a5173-f093-42e3-a76e-548576516a47-alex seek.wav', 'alex', 143),
('http://www.minimalbears.com/audio/tfss-d05c5095-b26f-420d-a6b7-1538f5d59e31-fran beat.wav', 'fran', 234),
('http://www.minimalbears.com/audio/tfss-77a78f83-d609-4eac-ba59-98eed08e6174-asher worse.wav', 'asher', 221),
('http://www.minimalbears.com/audio/tfss-8909813a-ec0e-4b8c-afa0-ff46bbf8102a-asher fit.wav', 'asher', 293),
('http://www.minimalbears.com/audio/tfss-f9272e25-5f99-499a-9c37-a54d7f4faa85-wozza sink.wav', 'wozza', 68),
('http://www.minimalbears.com/audio/tfss-17a1faac-37d6-4b31-99dc-8bb6eaccf9b7-stas pill.wav', 'stas', 57),
('http://www.minimalbears.com/audio/tfss-018a0bc9-7fa4-4196-a017-1f5559d5f446-kaija chip.wav', 'kaija', 341),
('http://www.minimalbears.com/audio/tfss-25713f5a-af7b-4a87-ad94-5fbede2c861e-stas surd.wav', 'stas', 227),
('http://www.minimalbears.com/audio/tfss-c7406065-75d2-43b2-833b-87e31432186e-kaija wick.wav', 'kaija', 264),
('http://www.minimalbears.com/audio/tfss-8d8a2280-423e-4244-bc9c-f04ff72ae0f4-kaija thing.wav', 'kaija', 38),
('http://www.minimalbears.com/audio/tfss-79aae6b7-f3d4-4ecd-bc95-7db9aecf265d-wozza piss.wav', 'wozza', 45),
('http://www.minimalbears.com/audio/tfss-0cb931a6-9cc9-4ace-b85c-6a7a7ed854bf-asher teen.wav', 'asher', 171),
('http://www.minimalbears.com/audio/tfss-32398df5-2284-4ec3-96f2-ebc408d05bd4-kaija bitch.wav', 'kaija', 107),
('http://www.minimalbears.com/audio/tfss-64cf7813-6869-424e-8ef5-87fa96d1a88a-stas thin.wav', 'stas', 93),
('http://www.minimalbears.com/audio/tfss-e45b09f4-143a-4415-be61-b1b985586b64-wozza heel.wav', 'wozza', 95),
('http://www.minimalbears.com/audio/tfss-54e4c8e6-d747-4e80-8f3f-beb30692c9a1-kaija pit.wav', 'kaija', 242),
('http://www.minimalbears.com/audio/tfss-0f96aa93-11f7-4ec4-8dfc-98d74549e51d-asher some.wav', 'asher', 301),
('http://www.minimalbears.com/audio/tfss-846261af-4fad-4a3d-8f18-c7512e4ee35b-kaija thigh.wav', 'kaija', 285),
('http://www.minimalbears.com/audio/tfss-230d0ef7-8739-4d99-a6ef-3592a42143ea-fran teen.wav', 'fran', 171),
('http://www.minimalbears.com/audio/tfss-c752f86a-ab77-4b35-956f-06d84d362301-wozza feel.wav', 'wozza', 193),
('http://www.minimalbears.com/audio/tfss-52f5aff3-a6a5-4b4b-b42b-626e1f5baff3-alex deeper.wav', 'alex', 140),
('http://www.minimalbears.com/audio/tfss-061630fc-f693-42ca-9953-9a31c9b8668a-kaija dip.wav', 'kaija', 103),
('http://www.minimalbears.com/audio/tfss-90fad005-2d27-4873-a48d-726cdf9ee2a1-wozza seat.wav', 'wozza', 317),
('http://www.minimalbears.com/audio/tfss-bc6525e5-193e-440e-a13d-cf50dfa9d075-stas keen.wav', 'stas', 46),
('http://www.minimalbears.com/audio/tfss-c618ff4b-6d41-4583-8e84-e98e53c21def-asher thing2.wav', 'asher', 38),
('http://www.minimalbears.com/audio/tfss-94a15729-12f1-4b08-a669-d1d6165d687e-fran faith.wav', 'fran', 154),
('http://www.minimalbears.com/audio/tfss-3156e924-7dbf-4b32-94b0-aa486d17920d-wozza meal.wav', 'wozza', 79),
('http://www.minimalbears.com/audio/tfss-c29b9bf2-e0a4-49c3-b4e3-3a35a3107817-asher slit.wav', 'asher', 43),
('http://www.minimalbears.com/audio/tfss-1569c6e1-06c8-4825-a733-cdd5619065b3-asher worth.wav', 'asher', 51),
('http://www.minimalbears.com/audio/tfss-c16488a8-d0a5-4082-91a3-1ea44cc2ad0e-stas piss.wav', 'stas', 45),
('http://www.minimalbears.com/audio/tfss-bc42e185-76e1-4783-a53d-847459d56ad3-wozza miss.wav', 'wozza', 287),
('http://www.minimalbears.com/audio/tfss-f4a2159f-01fa-4671-958d-dc1c501ad4a1-asher sill.wav', 'asher', 161),
('http://www.minimalbears.com/audio/tfss-049c201f-a57a-424d-ac72-4a1666338c5c-asher mill.wav', 'asher', 342),
('http://www.minimalbears.com/audio/tfss-4ea2ec40-4c17-4903-893b-4e1562837f16-fran shit.wav', 'fran', 109),
('http://www.minimalbears.com/audio/tfss-86d4ed9f-da26-4f90-9261-fef44ab41a5b-kaija win.wav', 'kaija', 180),
('http://www.minimalbears.com/audio/tfss-50e2e723-3ced-4459-9260-597b57b1577c-stas knit.wav', 'stas', 303),
('http://www.minimalbears.com/audio/tfss-1ff41d6e-c0f8-441a-97be-365ddfaba9ac-fran sill.wav', 'fran', 161),
('http://www.minimalbears.com/audio/tfss-f006d9ba-4b8d-46a2-bef0-034864f388a7-wozza growth.wav', 'wozza', 238),
('http://www.minimalbears.com/audio/tfss-6c82da41-cc3d-4c96-816c-f2558b6618d3-asher deed.wav', 'asher', 23),
('http://www.minimalbears.com/audio/tfss-4bcb1e39-1626-4760-9627-09704c345633-asher third.wav', 'asher', 200),
('http://www.minimalbears.com/audio/tfss-9580a11d-ef67-4fd5-b245-d2115eb48f4b-fran bit.wav', 'fran', 328),
('http://www.minimalbears.com/audio/tfss-4ecc8cf1-53cc-46b1-8eeb-c31b487079cc-kaija teat.wav', 'kaija', 283),
('http://www.minimalbears.com/audio/tfss-730fdafd-084b-4485-a51c-0a7374d712b8-kaija fourth.wav', 'kaija', 192),
('http://www.minimalbears.com/audio/tfss-b52cade5-4d75-4a78-b142-0a5e1e3757f2-kaija thaw.wav', 'kaija', 202),
('http://www.minimalbears.com/audio/tfss-a0409cde-57eb-4db9-b611-9733cf00d47f-kaija beach2.wav', 'kaija', 105),
('http://www.minimalbears.com/audio/tfss-a62766a7-f3e5-42e9-8791-9d9f923829c5-fran some.wav', 'fran', 301),
('http://www.minimalbears.com/audio/tfss-85892eb1-24f6-4225-8f50-93d6fd638a94-wozza rick.wav', 'wozza', 214),
('http://www.minimalbears.com/audio/tfss-a49eb151-6e2e-4dd0-a37a-dcebf894323e-fran tin.wav', 'fran', 135),
('http://www.minimalbears.com/audio/tfss-51e29660-180b-44b0-a4f8-ae2d58a5c59e-stas deed.wav', 'stas', 23),
('http://www.minimalbears.com/audio/tfss-294e7505-15e4-437f-a48d-8ff99ce831f2-wozza chick.wav', 'wozza', 282),
('http://www.minimalbears.com/audio/tfss-52f83186-18d2-447a-acca-1b833b79e6b0-stas bit.wav', 'stas', 328),
('http://www.minimalbears.com/audio/tfss-cc7fae4d-3c69-447f-a856-ae33af4e9977-stas sick2.wav', 'stas', 270),
('http://www.minimalbears.com/audio/tfss-70d13cc7-8746-4364-9559-9f3269440449-asher knit.wav', 'asher', 303),
('http://www.minimalbears.com/audio/tfss-17fada5b-5eba-493b-8690-103d3df42fa3-wozza fist.wav', 'wozza', 133),
('http://www.minimalbears.com/audio/tfss-734508ad-8ba9-45ac-bfc4-c580e0f1e638-stas fees.wav', 'stas', 14),
('http://www.minimalbears.com/audio/tfss-b0ee103f-8609-4c9d-8d57-983780d8e735-fran feel.wav', 'fran', 193),
('http://www.minimalbears.com/audio/tfss-12476647-30b0-4a07-a392-b0cc32f2a7f0-kaija growth.wav', 'kaija', 238),
('http://www.minimalbears.com/audio/tfss-0e3a3f73-a22e-47fb-93e0-2762f8a74231-wozza it.wav', 'wozza', 149),
('http://www.minimalbears.com/audio/tfss-e74d80ef-6e4c-48d5-9522-afdb90b68ab4-kaija faith.wav', 'kaija', 154),
('http://www.minimalbears.com/audio/tfss-e1186081-32ad-434b-a3cc-0f61c369f4b1-kaija miss.wav', 'kaija', 287),
('http://www.minimalbears.com/audio/tfss-65d60253-4b67-4f91-9f51-792769caaa7c-stas purse.wav', 'stas', 201),
('http://www.minimalbears.com/audio/tfss-3f9cb76d-c897-46bc-8fab-65eda204dbed-asher bean.wav', 'asher', 281),
('http://www.minimalbears.com/audio/tfss-e553c6d8-d10c-46f1-880d-9b9449bc5dbd-asher theme.wav', 'asher', 212),
('http://www.minimalbears.com/audio/tfss-67aee037-3cdb-4ed0-a0b1-a80a9a9c8b70-stas peach.wav', 'stas', 116),
('http://www.minimalbears.com/audio/tfss-9c9e0936-5140-408c-b737-abd35453bb45-kaija deeper.wav', 'kaija', 140),
('http://www.minimalbears.com/audio/tfss-da1a1e93-7caa-4bd5-81ed-bc0270c32c61-kaija theme.wav', 'kaija', 212),
('http://www.minimalbears.com/audio/tfss-05d8d5b6-90f8-45a5-a12d-50cf168e5d35-alex cheap.wav', 'alex', 63),
('http://www.minimalbears.com/audio/tfss-76431cd1-b521-4ebd-9a1c-2d8b7db0265a-kaija sheet2.wav', 'kaija', 324),
('http://www.minimalbears.com/audio/tfss-69a66033-ec34-4a10-92ab-3aefaa1768fd-alex pill.wav', 'alex', 57),
('http://www.minimalbears.com/audio/tfss-0595840c-fe4c-47e0-88a6-6067f48c08c2-wozza wean.wav', 'wozza', 141),
('http://www.minimalbears.com/audio/tfss-9139d275-791e-4bee-8e53-560f93dcc86c-wozza kin.wav', 'wozza', 162),
('http://www.minimalbears.com/audio/tfss-06949955-3de3-4e5b-b27c-54648a9f6173-wozza wit.wav', 'wozza', 236),
('http://www.minimalbears.com/audio/tfss-e569b112-b2a3-44d6-8c1e-686432be2418-asher green.wav', 'asher', 235),
('http://www.minimalbears.com/audio/tfss-252ccb12-4853-4681-98a8-b06e60c87347-alex thigh.wav', 'alex', 285),
('http://www.minimalbears.com/audio/tfss-274c1b24-401e-4eb6-838e-bb4ee9072170-wozza peak.wav', 'wozza', 65),
('http://www.minimalbears.com/audio/tfss-4ebb7a12-866f-426d-9855-2c26426d3823-wozza lid.wav', 'wozza', 33),
('http://www.minimalbears.com/audio/tfss-c8943f04-c8cc-45c6-971c-0d82750f0bfb-fran perth.wav', 'fran', 252),
('http://www.minimalbears.com/audio/tfss-f6d7be8b-ac65-4b4c-b0cb-78e39622ebc3-asher thigh.wav', 'asher', 285),
('http://www.minimalbears.com/audio/tfss-d950a3c8-56b4-40a0-8b71-49f7a61ffd68-fran song.wav', 'fran', 110),
('http://www.minimalbears.com/audio/tfss-13649b51-9cd4-4447-ba51-bd158b05f418-wozza grit.wav', 'wozza', 170),
('http://www.minimalbears.com/audio/tfss-35185c8d-9745-4104-bac8-6513435ab271-alex wheat.wav', 'alex', 127),
('http://www.minimalbears.com/audio/tfss-ba3f4d24-bc2c-4cfc-8a12-49dac250c75c-fran slip.wav', 'fran', 275),
('http://www.minimalbears.com/audio/tfss-f6dddded-6fe3-4268-bc04-14514ab6e91e-asher peak.wav', 'asher', 65),
('http://www.minimalbears.com/audio/tfss-dee9c61f-c7ae-477b-91f5-e9da04d1a273-alex teen.wav', 'alex', 171),
('http://www.minimalbears.com/audio/tfss-fe082f83-615f-4ab1-af5b-6103ec582c33-stas tenth.wav', 'stas', 156),
('http://www.minimalbears.com/audio/tfss-f85c8580-1625-4e2d-9efc-18984aa037f9-kaija sheep.wav', 'kaija', 67),
('http://www.minimalbears.com/audio/tfss-e8c66283-3411-4887-9a79-5abdd92b6590-fran kip.wav', 'fran', 219),
('http://www.minimalbears.com/audio/tfss-be6501ae-5999-4852-8240-24a76ab441fe-alex feast.wav', 'alex', 335),
('http://www.minimalbears.com/audio/tfss-1df2468b-4ffa-4ee4-bb4b-720ab7e2292d-asher growth.wav', 'asher', 238),
('http://www.minimalbears.com/audio/tfss-8b74ddb4-2e09-4c98-bc6b-13e8e21f5bd2-alex sit.wav', 'alex', 168),
('http://www.minimalbears.com/audio/tfss-8fa028c0-d95c-41ac-b43a-44f8c87ee578-kaija piece.wav', 'kaija', 286),
('http://www.minimalbears.com/audio/tfss-30af6a59-f9ae-46ac-8547-fc7818b74ca9-alex peach.wav', 'alex', 116),
('http://www.minimalbears.com/audio/tfss-9b6c17b2-718c-4e3e-808b-9ae98dfffc68-alex hit2.wav', 'alex', 229),
('http://www.minimalbears.com/audio/tfss-fe6b67ce-d5cb-4a80-9acc-4aac10955012-kaija sid.wav', 'kaija', 61),
('http://www.minimalbears.com/audio/tfss-51570c53-933d-4cfc-8891-436de0a37fd4-kaija piece2.wav', 'kaija', 286),
('http://www.minimalbears.com/audio/tfss-9f2d8a80-c54e-4ad3-9bdf-d08da12cbd6f-kaija did.wav', 'kaija', 276),
('http://www.minimalbears.com/audio/tfss-1acd8dee-c00a-4388-acd0-ead88fd6e5f9-wozza moth.wav', 'wozza', 195),
('http://www.minimalbears.com/audio/tfss-aaee5064-ea05-4c52-b3d4-948985997187-asher path.wav', 'asher', 97),
('http://www.minimalbears.com/audio/tfss-654079b1-2831-4999-91b1-7bfbbf21f56e-wozza piece.wav', 'wozza', 286),
('http://www.minimalbears.com/audio/tfss-b481286b-f189-406a-ac37-6a701404a047-asher sought.wav', 'asher', 34),
('http://www.minimalbears.com/audio/tfss-832e7499-cdb3-4c59-a899-1373907d67a1-fran deeper.wav', 'fran', 140),
('http://www.minimalbears.com/audio/tfss-53bbc98f-07ec-443f-aaca-439a48b66e68-alex growth.wav', 'alex', 238),
('http://www.minimalbears.com/audio/tfss-2b8ecde5-152b-467d-93eb-a6786e36b09f-wozza worse.wav', 'wozza', 221),
('http://www.minimalbears.com/audio/tfss-9c843626-99fe-4f9f-8ec2-cecb06867f05-alex thick.wav', 'alex', 12),
('http://www.minimalbears.com/audio/tfss-c5473b64-f46b-46a7-a410-cceb5c133789-fran beach.wav', 'fran', 105),
('http://www.minimalbears.com/audio/tfss-d919d8c2-1a76-4e38-aebd-c91fedc778e8-stas race.wav', 'stas', 257),
('http://www.minimalbears.com/audio/tfss-e70f5e08-5774-40ee-b653-18f01915b2e8-fran shin.wav', 'fran', 280),
('http://www.minimalbears.com/audio/tfss-c51c7b13-34cb-4f94-8788-69104eee6a5b-kaija wheel.wav', 'kaija', 321),
('http://www.minimalbears.com/audio/tfss-c3ab89f5-285d-4312-b7a6-e106cadb7db5-asher seem.wav', 'asher', 346),
('http://www.minimalbears.com/audio/tfss-adf61fb7-7d58-41b2-9679-79f7ffd6d424-stas sing.wav', 'stas', 302),
('http://www.minimalbears.com/audio/tfss-ceccedf8-ed2f-4529-9a62-5a6e4d323af5-wozza bit.wav', 'wozza', 328),
('http://www.minimalbears.com/audio/tfss-24d632a1-50af-4528-8fdd-056421b2868a-kaija fist.wav', 'kaija', 133),
('http://www.minimalbears.com/audio/tfss-2661cec8-7776-4739-93b9-6c0d31040386-stas thump2.wav', 'stas', 277),
('http://www.minimalbears.com/audio/tfss-6d4f3770-363e-4838-9fe3-9fc48d6458bb-stas peat.wav', 'stas', 225),
('http://www.minimalbears.com/audio/tfss-0ce18171-286e-42bb-9278-d8e642b264ac-asher hid.wav', 'asher', 54),
('http://www.minimalbears.com/audio/tfss-1572c770-1086-45c3-a681-1e645967c965-alex thong.wav', 'alex', 98),
('http://www.minimalbears.com/audio/tfss-1f6f33ba-3803-45f1-ba6e-691ab14d554d-fran sleet.wav', 'fran', 30),
('http://www.minimalbears.com/audio/tfss-5ee72475-6e7e-4ffe-a437-9bb63df9f4a9-fran surd.wav', 'fran', 227),
('http://www.minimalbears.com/audio/tfss-f7839dd3-def8-44dc-a95d-e72b36e4dc21-wozza sin.wav', 'wozza', 298),
('http://www.minimalbears.com/audio/tfss-121f0821-d472-4688-8b6c-bb2dce8ebe55-stas wraith.wav', 'stas', 217),
('http://www.minimalbears.com/audio/tfss-d8b8f5da-8257-4545-ba31-f5e7726c3dd9-stas sin2.wav', 'stas', 298),
('http://www.minimalbears.com/audio/tfss-edcefdbe-328d-4396-ac57-f0b7c208952c-fran think.wav', 'fran', 48),
('http://www.minimalbears.com/audio/tfss-24870da2-4fe7-4ee0-bf37-39fa26f88a64-kaija seem.wav', 'kaija', 346),
('http://www.minimalbears.com/audio/tfss-c608c970-b08a-4874-9fcc-24a33d6ee166-asher pick.wav', 'asher', 53),
('http://www.minimalbears.com/audio/tfss-6a7fb6f4-6bf7-44b1-a8b1-c76fb79b735a-kaija dipper.wav', 'kaija', 100),
('http://www.minimalbears.com/audio/tfss-5ae4aadc-3472-4311-ac42-b7845adbc1be-alex theme.wav', 'alex', 212),
('http://www.minimalbears.com/audio/tfss-890eaa01-5092-4aac-92f0-a9ee420a1918-kaija meet.wav', 'kaija', 73),
('http://www.minimalbears.com/audio/tfss-356f21dc-e6e1-4b43-af7d-385b448880e9-alex will2.wav', 'alex', 37),
('http://www.minimalbears.com/audio/tfss-b51e5c43-6e78-49e6-9d50-655a0ed56ef6-asher shin.wav', 'asher', 280),
('http://www.minimalbears.com/audio/tfss-3ead802e-b2df-41e8-8676-5314b736a5f5-stas neat.wav', 'stas', 102),
('http://www.minimalbears.com/audio/tfss-24d4a150-44a1-4d60-b65f-ffc5bcdb06ca-wozza deeper.wav', 'wozza', 140),
('http://www.minimalbears.com/audio/tfss-2d3637e7-f4f0-4a78-8b26-122a97ab4eda-fran keep.wav', 'fran', 137),
('http://www.minimalbears.com/audio/tfss-a1c1632f-837e-4df1-b51d-30289fb1c4cc-wozza thin.wav', 'wozza', 93),
('http://www.minimalbears.com/audio/tfss-cadae524-2015-426f-ab7e-7ec19e5e9cab-fran peak.wav', 'fran', 65),
('http://www.minimalbears.com/audio/tfss-69e00fe1-9e0b-49f5-a250-cd79bb53e9f0-wozza cheap.wav', 'wozza', 63),
('http://www.minimalbears.com/audio/tfss-27dc8c5e-af7d-4459-8b1a-8f18b8e05d85-stas green.wav', 'stas', 235),
('http://www.minimalbears.com/audio/tfss-737f1f01-83f8-48a6-b08d-1aea146c8b7a-wozza still.wav', 'wozza', 204),
('http://www.minimalbears.com/audio/tfss-9b783460-7f05-4d1c-b4d5-e49dba7f5c67-kaija team.wav', 'kaija', 94),
('http://www.minimalbears.com/audio/tfss-6fe93761-50a5-4e6b-8d6d-5f3fb5ee3132-kaija seal.wav', 'kaija', 7),
('http://www.minimalbears.com/audio/tfss-ae3747f0-c3b2-44f9-aca2-1b757db99ab2-fran moth.wav', 'fran', 195),
('http://www.minimalbears.com/audio/tfss-35775dc5-0865-4073-8894-ffa92fa72085-wozza pill.wav', 'wozza', 57),
('http://www.minimalbears.com/audio/tfss-21b02dbe-f8e9-4413-9841-63273d6d5780-stas wreak.wav', 'stas', 290),
('http://www.minimalbears.com/audio/tfss-f5db3548-463c-458b-8bc9-4d3365b194b2-stas wean.wav', 'stas', 141),
('http://www.minimalbears.com/audio/tfss-00f92d37-086c-4cdd-ab03-00afebe1dfbe-stas worth.wav', 'stas', 51),
('http://www.minimalbears.com/audio/tfss-d90d34cf-4102-4c10-b558-d5b375ee8652-asher keep.wav', 'asher', 137),
('http://www.minimalbears.com/audio/tfss-f2d0f505-4e5a-4065-ae95-54fdf2c8573c-kaija hill.wav', 'kaija', 84),
('http://www.minimalbears.com/audio/tfss-2de70ec2-6043-44fb-889e-3314cc4ec365-kaija steal.wav', 'kaija', 124),
('http://www.minimalbears.com/audio/tfss-5c882f99-4a0b-4b5f-8dbd-7a21ad7979da-wozza slit.wav', 'wozza', 43),
('http://www.minimalbears.com/audio/tfss-9742ffdf-614a-496c-9a92-919e3a90c71c-wozza hip.wav', 'wozza', 253),
('http://www.minimalbears.com/audio/tfss-e51bbf85-a72e-493f-bbf6-baeae2b3d15d-kaija pass.wav', 'kaija', 334),
('http://www.minimalbears.com/audio/tfss-e118e9b1-1a1c-4a92-972e-ebcb5e0d5e14-stas tin.wav', 'stas', 135),
('http://www.minimalbears.com/audio/tfss-135b9585-1e14-4392-8a9d-c24f8ef8a875-stas theme.wav', 'stas', 212),
('http://www.minimalbears.com/audio/tfss-211a487f-bd47-43d0-b958-2adf19537d83-stas growth.wav', 'stas', 238),
('http://www.minimalbears.com/audio/tfss-57687fdb-7383-4c0a-9360-682ed6f5f923-asher kip.wav', 'asher', 219),
('http://www.minimalbears.com/audio/tfss-6e4a2ce4-ec65-4f55-8bf0-080505454be5-kaija seed.wav', 'kaija', 155),
('http://www.minimalbears.com/audio/tfss-a8fee37a-a57e-46b0-9586-f1f81b27bca3-asher tit.wav', 'asher', 215),
('http://www.minimalbears.com/audio/tfss-193558c4-48c6-4780-8ef5-e2cd2b2f57c5-alex tenth.wav', 'alex', 156),
('http://www.minimalbears.com/audio/tfss-164ac53b-cfb8-4b79-9a53-a7795daf735d-wozza mill.wav', 'wozza', 342),
('http://www.minimalbears.com/audio/tfss-297f4ab1-95bf-42bf-b54d-0697fb2c80a4-wozza moss.wav', 'wozza', 44),
('http://www.minimalbears.com/audio/tfss-452a982f-8e16-4e2f-9c4e-b289d48bb65f-stas force.wav', 'stas', 96),
('http://www.minimalbears.com/audio/tfss-dc5de89f-7029-4b44-a2a7-98ac158620a3-wozza knit.wav', 'wozza', 303),
('http://www.minimalbears.com/audio/tfss-0b2a51a2-a7d1-4927-a04c-64c223fa83d2-kaija bin.wav', 'kaija', 129),
('http://www.minimalbears.com/audio/tfss-1ab54d80-b1d2-41c0-9af1-d03ecb0d8a8d-wozza lead.wav', 'wozza', 117),
('http://www.minimalbears.com/audio/tfss-54e44e1d-d3f5-494f-94ea-6111afa0efd1-stas seen.wav', 'stas', 115),
('http://www.minimalbears.com/audio/tfss-81bd0350-c474-4b8a-84d6-71d5d0b06109-wozza peel.wav', 'wozza', 147),
('http://www.minimalbears.com/audio/tfss-dd1cc842-a242-4d4e-9ff9-d6a5c1d6026a-stas bin.wav', 'stas', 129),
('http://www.minimalbears.com/audio/tfss-e429430a-d9ba-482a-8fe5-4a2421140222-alex hip.wav', 'alex', 253),
('http://www.minimalbears.com/audio/tfss-2258bd33-3933-4f09-8454-aeffafa9861a-wozza kip.wav', 'wozza', 219),
('http://www.minimalbears.com/audio/tfss-4541bb0e-c30a-42ac-8119-a90803a204aa-stas beach2.wav', 'stas', 105),
('http://www.minimalbears.com/audio/tfss-f0ce9318-ccce-4f9e-9e7d-8caca8c05b68-fran lid.wav', 'fran', 33),
('http://www.minimalbears.com/audio/tfss-4885c2ca-1890-4966-9488-98bf446782c2-stas rid.wav', 'stas', 70),
('http://www.minimalbears.com/audio/tfss-561e31b3-adb8-4823-912e-a9688e9e5ca5-wozza thorn.wav', 'wozza', 52),
('http://www.minimalbears.com/audio/tfss-68ee3e20-def4-4a07-8c22-53c89ba00fde-fran keep2.wav', 'fran', 137),
('http://www.minimalbears.com/audio/tfss-e0e6f3e2-b8c4-43ab-9867-2b1078f9d8ed-asher sleep.wav', 'asher', 249),
('http://www.minimalbears.com/audio/tfss-a719634d-77b5-4076-89db-eea1575aa121-alex leave.wav', 'alex', 165),
('http://www.minimalbears.com/audio/tfss-8a6cd974-cced-4f8b-9cdc-e0745094cb68-alex fees.wav', 'alex', 14),
('http://www.minimalbears.com/audio/tfss-00253abb-a317-4385-a381-706827126048-alex feel.wav', 'alex', 193),
('http://www.minimalbears.com/audio/tfss-78faed1c-f183-4390-b037-80f0f90841ef-fran thong.wav', 'fran', 98),
('http://www.minimalbears.com/audio/tfss-ed2bc985-5c7b-4348-b0df-496ca7cb8acc-fran bin.wav', 'fran', 129),
('http://www.minimalbears.com/audio/tfss-76c9423c-aadb-4762-8362-ebeff155fd1d-asher thought.wav', 'asher', 148),
('http://www.minimalbears.com/audio/tfss-fcb27de3-5cbd-4abb-9c20-f9312dd5c27b-fran eat.wav', 'fran', 159),
('http://www.minimalbears.com/audio/tfss-c8e2c19a-0142-4fe3-ad33-3d30229c5a3f-stas seek.wav', 'stas', 143),
('http://www.minimalbears.com/audio/tfss-74af44b7-57e2-47ae-956f-d4ce214f1b8b-fran sheet2.wav', 'fran', 324),
('http://www.minimalbears.com/audio/tfss-9e2beebf-8777-411f-8654-61b8508af8ec-wozza cheek.wav', 'wozza', 309),
('http://www.minimalbears.com/audio/tfss-332dbc90-b60c-4a8f-af52-f74eaaac6ac0-fran peat.wav', 'fran', 225),
('http://www.minimalbears.com/audio/tfss-5c2b0ae2-9495-44d2-a51b-dc318126d89e-wozza sleep.wav', 'wozza', 249),
('http://www.minimalbears.com/audio/tfss-1441367b-5ce0-45d2-a5b2-114055783c3c-alex rick.wav', 'alex', 214),
('http://www.minimalbears.com/audio/tfss-6695f193-2392-4787-97b8-2d11842ca272-wozza faith.wav', 'wozza', 154),
('http://www.minimalbears.com/audio/tfss-3b3c4d06-1db4-4281-ba09-27f640cde03f-alex did.wav', 'alex', 276),
('http://www.minimalbears.com/audio/tfss-8015a1e1-4cf3-4510-a328-72412ac685c2-alex pitch.wav', 'alex', 71),
('http://www.minimalbears.com/audio/tfss-56fef7d9-7fe5-4d2a-b83a-d66f14d6bdb5-fran teat.wav', 'fran', 283),
('http://www.minimalbears.com/audio/tfss-5dd0f252-1c3a-4ddd-96c7-1c2b9a6c2ec1-fran theme.wav', 'fran', 212),
('http://www.minimalbears.com/audio/tfss-5cfe47e0-0ce0-4d5c-b714-26e60cac5bbe-alex fist.wav', 'alex', 133),
('http://www.minimalbears.com/audio/tfss-64dbdb9c-bcdb-4078-bdcf-447dcc8d2417-fran sing.wav', 'fran', 302),
('http://www.minimalbears.com/audio/tfss-c5327d74-3d74-46b5-8e94-59bb13aaba03-fran chip.wav', 'fran', 341),
('http://www.minimalbears.com/audio/tfss-5faf48ca-c12a-476a-8027-fd9506580cb3-alex wreak.wav', 'alex', 290),
('http://www.minimalbears.com/audio/tfss-c0bf2031-ae4b-4532-8593-fad488139b16-asher read.wav', 'asher', 16),
('http://www.minimalbears.com/audio/tfss-604eb296-ff4a-40aa-9aab-38c62223b62b-alex some.wav', 'alex', 301),
('http://www.minimalbears.com/audio/tfss-eeb8469b-42c2-4144-9010-3f352c35ec8c-fran seed.wav', 'fran', 155),
('http://www.minimalbears.com/audio/tfss-a6c00597-6b12-4a95-a8a4-2fe4852712b4-alex sin2.wav', 'alex', 298),
('http://www.minimalbears.com/audio/tfss-d6845490-2fce-4149-8d25-a4f6ac2e117a-alex neat.wav', 'alex', 102),
('http://www.minimalbears.com/audio/tfss-01658df8-757a-47da-9fa6-73f53d1e2489-fran team.wav', 'fran', 94),
('http://www.minimalbears.com/audio/tfss-00b9524e-2a8a-4cd1-9b74-a2ebe3723031-wozza wheat.wav', 'wozza', 127),
('http://www.minimalbears.com/audio/tfss-99f304f2-8703-4aa5-b50c-52f024297d0f-stas pick.wav', 'stas', 53),
('http://www.minimalbears.com/audio/tfss-31138a86-6f97-4fe2-9fe7-38431920d81f-stas myth.wav', 'stas', 2),
('http://www.minimalbears.com/audio/tfss-dcf84bcf-c4d4-4c3e-ab2e-99de3b13a6fc-wozza tenth.wav', 'wozza', 156),
('http://www.minimalbears.com/audio/tfss-6f424b07-f85e-4c89-84ed-da40b6e12f05-alex third.wav', 'alex', 200),
('http://www.minimalbears.com/audio/tfss-723eccab-eac9-454f-9a8d-39d113f19d80-wozza heat.wav', 'wozza', 74),
('http://www.minimalbears.com/audio/tfss-7bfa295f-4960-4d4e-8629-32c244aa1017-asher thaw.wav', 'asher', 202),
('http://www.minimalbears.com/audio/tfss-78101a4f-ed34-40cc-a86f-74cc49bf4152-stas cheap.wav', 'stas', 63),
('http://www.minimalbears.com/audio/tfss-f23a3a4d-b9cf-482c-be4e-8d4bb9ff0ef2-asher grit.wav', 'asher', 170),
('http://www.minimalbears.com/audio/tfss-e72f247b-0dff-4b96-b6ee-6b65125584f6-fran grit.wav', 'fran', 170),
('http://www.minimalbears.com/audio/tfss-18500ea9-4f1d-471a-8866-898969043c7c-stas sit.wav', 'stas', 168),
('http://www.minimalbears.com/audio/tfss-d3fead27-7000-4777-b63b-fde707394971-alex fizz.wav', 'alex', 36),
('http://www.minimalbears.com/audio/tfss-7b5e159b-c84e-4dcc-9661-cae78fca9b6d-asher tim.wav', 'asher', 291),
('http://www.minimalbears.com/audio/tfss-0d7015dd-f923-48b2-a6ad-a6fda7470a18-stas sick.wav', 'stas', 270),
('http://www.minimalbears.com/audio/tfss-6ae2f508-f4a5-465d-9b9f-0ed73f1e3ff2-kaija purse.wav', 'kaija', 201),
('http://www.minimalbears.com/audio/tfss-fb4143b3-3d25-42cd-8972-4e6422083489-alex green.wav', 'alex', 235),
('http://www.minimalbears.com/audio/tfss-93e29e2b-9085-498c-8db2-c4cba4d82fb8-asher sick.wav', 'asher', 270),
('http://www.minimalbears.com/audio/tfss-5c325f17-252c-44db-be16-05d058221e0c-stas ship.wav', 'stas', 289),
('http://www.minimalbears.com/audio/tfss-a6a6e027-1e26-4ebf-8fdf-99886d29abf4-asher slipper.wav', 'asher', 269),
('http://www.minimalbears.com/audio/tfss-8c9855c7-8167-4f9d-85cd-1caccdbadf50-asher seal.wav', 'asher', 7),
('http://www.minimalbears.com/audio/tfss-7b5c2d21-d79b-4ada-8710-f00273b8c515-kaija sawn.wav', 'kaija', 292),
('http://www.minimalbears.com/audio/tfss-02cb1dcc-8958-4f70-ba6f-74862976a696-stas pitch.wav', 'stas', 71),
('http://www.minimalbears.com/audio/tfss-7f6c07a9-56b4-44a5-8428-67647b0d5461-wozza fizz.wav', 'wozza', 36),
('http://www.minimalbears.com/audio/tfss-67b293dc-7222-424a-8c3a-76e6afe52eb8-asher leave.wav', 'asher', 165),
('http://www.minimalbears.com/audio/tfss-a0a45f75-6b15-4501-92ea-638f19e3e8dd-stas sin.wav', 'stas', 298),
('http://www.minimalbears.com/audio/tfss-fbae97c5-ea70-4a2c-8369-bc8e45c16c53-fran rick.wav', 'fran', 214),
('http://www.minimalbears.com/audio/tfss-813de6b6-9623-45dc-985a-cf54c1bb3bd7-asher feast.wav', 'asher', 335),
('http://www.minimalbears.com/audio/tfss-25221b55-517a-45bb-9c61-b004c19c17c9-stas moss.wav', 'stas', 44),
('http://www.minimalbears.com/audio/tfss-9782cbcd-ed72-4ee2-b9ae-5db9c921d0b6-asher ill.wav', 'asher', 199),
('http://www.minimalbears.com/audio/tfss-f17cff1e-6199-4a61-a8f5-b48348df2816-wozza thaw.wav', 'wozza', 202),
('http://www.minimalbears.com/audio/tfss-679ecbd0-ee2f-4e8d-9e97-0add2d8c2174-alex seat.wav', 'alex', 317),
('http://www.minimalbears.com/audio/tfss-7707ead9-7a3f-4694-bf4c-d425224a28c8-fran pit.wav', 'fran', 242),
('http://www.minimalbears.com/audio/tfss-c2c94618-6d75-4912-a969-a071dfa88b0e-fran sump.wav', 'fran', 218),
('http://www.minimalbears.com/audio/tfss-f2d94ed8-c69f-496f-b07e-8d161432e010-asher thump.wav', 'asher', 277),
('http://www.minimalbears.com/audio/tfss-18397d49-46a3-48c4-8ef5-5bdff5dad63f-alex meal2.wav', 'alex', 79),
('http://www.minimalbears.com/audio/tfss-48c62d94-b3e4-4d3a-865e-8575cecc6204-wozza pit.wav', 'wozza', 242),
('http://www.minimalbears.com/audio/tfss-4bf81733-ca9a-499e-aef1-21f7c0fc400b-fran hip.wav', 'fran', 253),
('http://www.minimalbears.com/audio/tfss-98aa6d27-3742-43d6-9b6c-a6847487cac5-stas it.wav', 'stas', 149),
('http://www.minimalbears.com/audio/tfss-419a403b-34f3-4198-9637-e3feff706b6a-stas heap.wav', 'stas', 241),
('http://www.minimalbears.com/audio/tfss-68d4b09a-0177-4db6-87e7-4be8e4865bd0-stas thing.wav', 'stas', 38),
('http://www.minimalbears.com/audio/tfss-8f632d03-9f22-491d-80cf-35fe084780bb-wozza force.wav', 'wozza', 96),
('http://www.minimalbears.com/audio/tfss-ebc2b4c7-b50d-4720-ac24-4c48acb663ba-kaija tense.wav', 'kaija', 188),
('http://www.minimalbears.com/audio/tfss-c698aa22-f230-4f9d-9c5c-094eef5945ad-alex sleet.wav', 'alex', 30),
('http://www.minimalbears.com/audio/tfss-1859848a-509a-4e55-bddc-b5ccb978ede3-alex sheep.wav', 'alex', 67),
('http://www.minimalbears.com/audio/tfss-8b3e843e-19ee-45d3-a5a4-9a22e81cd893-wozza ship.wav', 'wozza', 289),
('http://www.minimalbears.com/audio/tfss-990454c2-6bed-4f89-a28d-9bde8e0cf6a1-asher steal.wav', 'asher', 124),
('http://www.minimalbears.com/audio/tfss-ea9d9615-6e1f-4609-b9b0-a6caa14697ac-wozza steal.wav', 'wozza', 124),
('http://www.minimalbears.com/audio/tfss-450c68b4-3062-49d1-ab24-cf282770d6fb-wozza pass.wav', 'wozza', 334),
('http://www.minimalbears.com/audio/tfss-773be0d0-915e-418d-8e21-9556360f5e34-alex peel.wav', 'alex', 147),
('http://www.minimalbears.com/audio/tfss-83141443-f965-497e-b9a4-3f1032c55d27-kaija thorn.wav', 'kaija', 52),
('http://www.minimalbears.com/audio/tfss-d3b59a56-84fc-4fb5-92d1-f24ab3fbc393-alex song.wav', 'alex', 110),
('http://www.minimalbears.com/audio/tfss-8835b440-217d-4730-a61d-cf2cae36c002-stas lid.wav', 'stas', 33),
('http://www.minimalbears.com/audio/tfss-213fc8ba-6410-4290-8d8e-22774927c367-wozza seal.wav', 'wozza', 7),
('http://www.minimalbears.com/audio/tfss-ed742b92-15c9-48b9-8deb-05c81767657c-asher bead.wav', 'asher', 13),
('http://www.minimalbears.com/audio/tfss-a1828db1-2fb5-4a61-b151-427f4bd1f5bc-asher thin.wav', 'asher', 93),
('http://www.minimalbears.com/audio/tfss-f074b06d-b09e-41d0-8199-6ec76d421d61-kaija grit.wav', 'kaija', 170),
('http://www.minimalbears.com/audio/tfss-1f83c70e-acac-4213-9048-294d338b9463-stas sheep.wav', 'stas', 67),
('http://www.minimalbears.com/audio/tfss-cfa2e195-7d4b-4fee-8c7f-dd74a829a968-fran myth.wav', 'fran', 2),
('http://www.minimalbears.com/audio/tfss-039a4d00-9631-424c-9b79-4ab4365fff0b-stas deeper.wav', 'stas', 140),
('http://www.minimalbears.com/audio/tfss-9a70926a-0a96-40d8-a5dd-e64125365b49-asher heap.wav', 'asher', 241),
('http://www.minimalbears.com/audio/tfss-3a1edfe1-5e4f-4561-9ca0-087a8a42db20-wozza worth.wav', 'wozza', 51),
('http://www.minimalbears.com/audio/tfss-7110eab6-c508-4c06-8f8e-3238871eb27f-wozza tense.wav', 'wozza', 188),
('http://www.minimalbears.com/audio/tfss-744b1972-232d-407c-a8e3-d64a3fc70d7a-stas leave.wav', 'stas', 165),
('http://www.minimalbears.com/audio/tfss-46ba7299-5c13-4c12-8d92-64e8f0be7630-kaija tenth.wav', 'kaija', 156),
('http://www.minimalbears.com/audio/tfss-abb44286-5cb8-4e7d-a708-19b330528958-stas thank.wav', 'stas', 42),
('http://www.minimalbears.com/audio/tfss-037e7026-e428-49da-822d-24ba461fdd82-fran seat.wav', 'fran', 317),
('http://www.minimalbears.com/audio/tfss-ebbb3038-df74-4553-bd36-056b20eab008-kaija sleeper.wav', 'kaija', 17),
('http://www.minimalbears.com/audio/tfss-1be8f7ca-6859-477e-9644-c76c8b14d0c9-stas song.wav', 'stas', 110),
('http://www.minimalbears.com/audio/tfss-7ccfd62a-2c0c-4777-894f-83899d28c725-wozza pick.wav', 'wozza', 53),
('http://www.minimalbears.com/audio/tfss-8378231a-946e-4c87-bcce-295105b9a0ef-kaija rick.wav', 'kaija', 214),
('http://www.minimalbears.com/audio/tfss-72aa19d8-4644-471f-9391-597c59d0c477-kaija ship.wav', 'kaija', 289),
('http://www.minimalbears.com/audio/tfss-997b5c40-7917-4253-a2c1-34f90de4ca53-stas wit.wav', 'stas', 236),
('http://www.minimalbears.com/audio/tfss-daa18f40-7938-4a6c-b585-088fb74e36eb-stas hid.wav', 'stas', 54),
('http://www.minimalbears.com/audio/tfss-58599c27-75fd-4dd9-8268-f4f33f73ec5a-asher sick2.wav', 'asher', 270),
('http://www.minimalbears.com/audio/tfss-34b34154-b189-4afb-b585-e74fcc537343-fran ill.wav', 'fran', 199),
('http://www.minimalbears.com/audio/tfss-7a55769d-a65f-4395-b22e-0ffcd3fe1814-alex sink.wav', 'alex', 68),
('http://www.minimalbears.com/audio/tfss-0c5601ce-ac1e-4229-a613-5bcee49149a7-alex wean.wav', 'alex', 141),
('http://www.minimalbears.com/audio/tfss-a7b06607-63e0-464b-bdc3-6f1479079e7c-asher it.wav', 'asher', 149),
('http://www.minimalbears.com/audio/tfss-40556f17-1d36-42cc-b024-e41577342c53-fran greet.wav', 'fran', 206),
('http://www.minimalbears.com/audio/tfss-32880ee8-091c-4b7f-a540-a63f98003a8c-asher beat.wav', 'asher', 234),
('http://www.minimalbears.com/audio/tfss-71893759-00ae-4f12-a212-a1fa067bd0a3-kaija sing.wav', 'kaija', 302),
('http://www.minimalbears.com/audio/tfss-31009115-ada7-4532-bf3b-ebb5c6c19504-alex live.wav', 'alex', 28),
('http://www.minimalbears.com/audio/tfss-bf61765c-a061-4666-898e-8e23fa89efee-kaija feast.wav', 'kaija', 335),
('http://www.minimalbears.com/audio/tfss-abc9b2bc-9473-47cb-8237-bff1426edd10-alex still2.wav', 'alex', 204),
('http://www.minimalbears.com/audio/tfss-8160d203-9640-4097-90ee-8e04a1f4e4d1-kaija it.wav', 'kaija', 149),
('http://www.minimalbears.com/audio/tfss-bc10a17c-4434-447b-bb5b-36fc08d72af6-stas moth.wav', 'stas', 195),
('http://www.minimalbears.com/audio/tfss-21a19c7f-7803-4830-869c-1992b9098653-stas sill.wav', 'stas', 161),
('http://www.minimalbears.com/audio/tfss-bf3132f3-b493-4396-bf22-8cd3a8d0a828-kaija ill.wav', 'kaija', 199),
('http://www.minimalbears.com/audio/tfss-6947e178-f8de-486d-a967-f53ff284f51b-stas some.wav', 'stas', 301),
('http://www.minimalbears.com/audio/tfss-e2e439a3-180d-4af5-bf7e-93b7dcee933d-asher peel.wav', 'asher', 147),
('http://www.minimalbears.com/audio/tfss-badbbebd-755c-4c97-9fac-284332803f70-alex tin.wav', 'alex', 135),
('http://www.minimalbears.com/audio/tfss-e11ec1be-f8bb-4e74-8a7f-fa0726aa314d-asher wreak3.wav', 'asher', 290),
('http://www.minimalbears.com/audio/tfss-c5e94641-65fa-43ed-8f77-75e1d02c1f12-wozza saw.wav', 'wozza', 112),
('http://www.minimalbears.com/audio/tfss-75d66a6e-a956-4334-b572-7f89bd6d9706-fran sheep.wav', 'fran', 67),
('http://www.minimalbears.com/audio/tfss-2770e7ea-df2d-43f5-be07-93902ae36967-alex peak.wav', 'alex', 65),
('http://www.minimalbears.com/audio/tfss-3d292b51-a02f-44cd-8a00-58ea563e5486-asher seat.wav', 'asher', 317),
('http://www.minimalbears.com/audio/tfss-cd538c56-e633-434a-8240-06dea1e23170-alex teat.wav', 'alex', 283),
('http://www.minimalbears.com/audio/tfss-826fe4dc-1b5e-41d3-bfc3-cc2fd7110d0d-alex slipper.wav', 'alex', 269),
('http://www.minimalbears.com/audio/tfss-efbaacec-c29f-41ee-a7e2-47f5fdf8da01-fran still.wav', 'fran', 204),
('http://www.minimalbears.com/audio/tfss-74c5ecd5-64e1-497a-9920-42f636c3b641-kaija slipper.wav', 'kaija', 269),
('http://www.minimalbears.com/audio/tfss-543ca6ff-cb65-45de-9d25-781f5a97b4a3-kaija bin2.wav', 'kaija', 129),
('http://www.minimalbears.com/audio/tfss-3acfc6ef-a561-4672-bbd0-f7941e59a59e-wozza think.wav', 'wozza', 48),
('http://www.minimalbears.com/audio/tfss-dbd6b778-6d16-4cfb-bb6b-4ed55f6922c8-alex sing.wav', 'alex', 302),
('http://www.minimalbears.com/audio/tfss-0990420d-8472-4255-8dec-35a2a6c1976b-asher seek.wav', 'asher', 143),
('http://www.minimalbears.com/audio/tfss-fd2755da-01bc-4aa9-9490-418be6bd9dbd-asher sleet.wav', 'asher', 30),
('http://www.minimalbears.com/audio/tfss-8caa1150-3877-4853-9573-ce17e146f669-kaija sink.wav', 'kaija', 68),
('http://www.minimalbears.com/audio/tfss-9e0e5f1b-fe49-463b-8a7f-841a5eeedef9-alex faith.wav', 'alex', 154),
('http://www.minimalbears.com/audio/tfss-16f8530e-b7e2-4555-8144-afb10cf74a01-alex seal.wav', 'alex', 7),
('http://www.minimalbears.com/audio/tfss-1764d32b-fa87-4fc8-adfb-b407f0206ed0-wozza sick2.wav', 'wozza', 270),
('http://www.minimalbears.com/audio/tfss-b979cc40-420e-4cbf-b437-0936d615432b-alex feet.wav', 'alex', 213),
('http://www.minimalbears.com/audio/tfss-424bfb13-1dd4-45b7-bfae-88fb4f74d2c4-wozza thumb.wav', 'wozza', 66),
('http://www.minimalbears.com/audio/tfss-25c87cd6-0844-4420-bc58-eb5404c1e0b6-stas beach.wav', 'stas', 105),
('http://www.minimalbears.com/audio/tfss-620804d3-7194-4493-8875-f5dbad8b2f0e-wozza seen.wav', 'wozza', 115),
('http://www.minimalbears.com/audio/tfss-9c69f4de-c1e4-40b9-ae8e-9a0143f4ddb1-asher heat.wav', 'asher', 74),
('http://www.minimalbears.com/audio/tfss-85acd56b-2f15-49a0-a603-d918e361a2f3-wozza thought.wav', 'wozza', 148),
('http://www.minimalbears.com/audio/tfss-2ec0ba99-1b44-433e-9eec-0e0831908071-fran will.wav', 'fran', 37),
('http://www.minimalbears.com/audio/tfss-1edc3474-2d95-4df2-bd82-e0b91578b5c8-alex it.wav', 'alex', 149),
('http://www.minimalbears.com/audio/tfss-1f8cb4f1-4a0e-434f-a92d-e4300967e227-asher keen.wav', 'asher', 46),
('http://www.minimalbears.com/audio/tfss-b80a971e-f4d6-4242-b34c-73cfb38c0388-stas meal.wav', 'stas', 79),
('http://www.minimalbears.com/audio/tfss-074f38c8-a011-4452-86e9-1f66e9feb91c-wozza piece2.wav', 'wozza', 286),
('http://www.minimalbears.com/audio/tfss-c32e1d9e-c456-4674-8411-959ea42f8db7-stas thaw.wav', 'stas', 202),
('http://www.minimalbears.com/audio/tfss-63c00b4c-eeba-4b3e-b5c7-53cc544b4a11-kaija lid.wav', 'kaija', 33),
('http://www.minimalbears.com/audio/tfss-87419f37-73d2-4143-a0d6-235eb2ec2421-kaija sleep.wav', 'kaija', 249),
('http://www.minimalbears.com/audio/tfss-11c22ba0-e8b0-4e26-a655-e387cda1bdbe-kaija race.wav', 'kaija', 257),
('http://www.minimalbears.com/audio/tfss-be3b944e-980e-4373-9800-578110202306-asher neat.wav', 'asher', 102),
('http://www.minimalbears.com/audio/tfss-4bdff2b5-a1ac-4143-9949-060802d3de6e-asher sheet.wav', 'asher', 324),
('http://www.minimalbears.com/audio/tfss-1605e3f8-a825-4fd7-bf53-5c8e875c9c25-kaija eat.wav', 'kaija', 159),
('http://www.minimalbears.com/audio/tfss-c2334ecc-c27e-420b-af59-d17b717b3ec1-fran wheel.wav', 'fran', 321),
('http://www.minimalbears.com/audio/tfss-1d7b7e4e-1619-478e-8d25-b598df9988ab-kaija heal.wav', 'kaija', 95),
('http://www.minimalbears.com/audio/tfss-15a9c677-491c-4bf4-9df4-5a66d2826dea-stas heat.wav', 'stas', 74),
('http://www.minimalbears.com/audio/tfss-e9458ef9-dd83-4202-b0ff-98710ae64530-alex keep.wav', 'alex', 137),
('http://www.minimalbears.com/audio/tfss-86a89524-af89-4c3d-820b-c8ca8e3f8b8f-wozza mouth.wav', 'wozza', 299),
('http://www.minimalbears.com/audio/tfss-62f8496b-0950-46f2-b3e6-9d230f18b973-asher pill.wav', 'asher', 57),
('http://www.minimalbears.com/audio/tfss-f4bb9ace-7e0a-400b-811c-0c607f34cf8e-kaija eel.wav', 'kaija', 345),
('http://www.minimalbears.com/audio/tfss-5b7cad36-8bdc-442f-a26a-99ef1528ea6b-stas dipper.wav', 'stas', 100),
('http://www.minimalbears.com/audio/tfss-57265948-9f86-4ccb-811d-82970b4e8178-stas sink.wav', 'stas', 68),
('http://www.minimalbears.com/audio/tfss-83f61935-b1e1-485b-a945-2efc43b4f207-asher fees.wav', 'asher', 14),
('http://www.minimalbears.com/audio/tfss-f7f4474a-24b1-4180-8c3d-82dbec072009-fran sin.wav', 'fran', 298),
('http://www.minimalbears.com/audio/tfss-d2afac3d-66a0-4c4c-876c-ba9656cacce8-asher shit.wav', 'asher', 109),
('http://www.minimalbears.com/audio/tfss-bc557735-db30-4907-b703-79f23381ebfd-alex pass2.wav', 'alex', 334),
('http://www.minimalbears.com/audio/tfss-d390a416-bb38-4b02-892d-6b27fad043d3-wozza perth.wav', 'wozza', 252),
('http://www.minimalbears.com/audio/tfss-4d1faca5-5bb9-460b-9ece-ec092def233e-wozza sought.wav', 'wozza', 34),
('http://www.minimalbears.com/audio/tfss-d740bbba-349c-4482-a793-de4798d1cfed-fran it.wav', 'fran', 149),
('http://www.minimalbears.com/audio/tfss-2585874e-f6bf-40f9-afb2-90ae56f9bc38-fran fizz.wav', 'fran', 36),
('http://www.minimalbears.com/audio/tfss-f48e1e34-6fc0-40b3-ab33-a403d7dbdbf9-asher tenth.wav', 'asher', 156),
('http://www.minimalbears.com/audio/tfss-2a3c6bd4-9c08-4189-8a96-a3a69ec9f10e-wozza sick.wav', 'wozza', 270),
('http://www.minimalbears.com/audio/tfss-6c3938b5-5a80-4f66-8ce6-1fa66fa258fa-fran pass.wav', 'fran', 334),
('http://www.minimalbears.com/audio/tfss-5097acc9-8da5-4c33-a2de-ee364f88a40a-wozza hill.wav', 'wozza', 84),
('http://www.minimalbears.com/audio/tfss-f17d6015-c779-4843-96c0-66456e0b491a-stas will.wav', 'stas', 37),
('http://www.minimalbears.com/audio/tfss-5638edf6-70b4-417d-bb3a-a55ebb18c93e-stas peak.wav', 'stas', 65),
('http://www.minimalbears.com/audio/tfss-341d338d-83b3-43cc-bbaf-ce8e3c131409-alex bean.wav', 'alex', 281),
('http://www.minimalbears.com/audio/tfss-a5a3d4ff-4131-453e-99f2-f9ab4bff3e5c-fran thaw.wav', 'fran', 202),
('http://www.minimalbears.com/audio/tfss-c21b8f96-1ee0-451b-b0b0-823f24132ba9-kaija sheet.wav', 'kaija', 324),
('http://www.minimalbears.com/audio/tfss-729d751d-faec-40e5-8391-2641927d8e41-fran sick.wav', 'fran', 270),
('http://www.minimalbears.com/audio/tfss-ed3c986c-5f01-4f18-9b38-227b2a6ea917-asher mouse.wav', 'asher', 273),
('http://www.minimalbears.com/audio/tfss-8c44911b-0d29-4e1d-b092-23acce9118c8-asher cheap.wav', 'asher', 63),
('http://www.minimalbears.com/audio/tfss-f51c139b-1b3f-4568-86bc-8f38b9a5070a-kaija perth.wav', 'kaija', 252),
('http://www.minimalbears.com/audio/tfss-a6609e21-6a71-44ba-9e18-fe3331a69d92-asher wreak2.wav', 'asher', 290),
('http://www.minimalbears.com/audio/tfss-40c8548b-ff3a-45cf-ac68-b1599a4900f2-kaija meal.wav', 'kaija', 79),
('http://www.minimalbears.com/audio/tfss-34614758-552f-4001-9736-f7bde2869541-alex wraith.wav', 'alex', 217),
('http://www.minimalbears.com/audio/tfss-13c9355d-6b49-4483-ab84-c2fd27a5ceed-fran deep.wav', 'fran', 189),
('http://www.minimalbears.com/audio/tfss-03085814-9ee6-4d1d-8e9e-093d074bb7cc-fran meal.wav', 'fran', 79),
('http://www.minimalbears.com/audio/tfss-5eb48c4b-149e-4731-bc37-e4c5b42366fc-wozza seed.wav', 'wozza', 155),
('http://www.minimalbears.com/audio/tfss-a6580497-d26f-4a53-aabd-fc2c710a3619-asher sheen.wav', 'asher', 151),
('http://www.minimalbears.com/audio/tfss-807968ab-3b2c-4816-8a1f-6b1a8f34d3ae-alex keen.wav', 'alex', 46),
('http://www.minimalbears.com/audio/tfss-b7873fca-df22-464d-8858-69a3b458c799-asher song.wav', 'asher', 110),
('http://www.minimalbears.com/audio/tfss-76e06dce-c826-4278-966b-cabe656b378a-alex perth.wav', 'alex', 252),
('http://www.minimalbears.com/audio/tfss-e0103ce1-253b-4e1d-9cd7-492c5e81e82a-fran sit.wav', 'fran', 168),
('http://www.minimalbears.com/audio/tfss-25963b40-e8e6-4933-8cb2-a51a0bb8be67-kaija wit.wav', 'kaija', 236),
('http://www.minimalbears.com/audio/tfss-19acb444-d788-44d0-aaf5-202370db9d75-kaija kip.wav', 'kaija', 219),
('http://www.minimalbears.com/audio/tfss-2d0bd347-5bed-4aed-ae9d-430d2aee5616-alex meal.wav', 'alex', 79),
('http://www.minimalbears.com/audio/tfss-eb0c9e3e-e417-4816-837d-5137452e93d2-fran sawn.wav', 'fran', 292),
('http://www.minimalbears.com/audio/tfss-2fc61575-be4a-46c0-80dc-042e830bf322-wozza greet.wav', 'wozza', 206),
('http://www.minimalbears.com/audio/tfss-1f8055c1-999b-42a9-a182-9669b21b9fe5-wozza did.wav', 'wozza', 276),
('http://www.minimalbears.com/audio/tfss-2d337c6f-8cb2-40de-a288-03e7073b3d3e-alex lid.wav', 'alex', 33),
('http://www.minimalbears.com/audio/tfss-e8e801da-802f-4c59-ba6d-c36313832e0e-fran cheap.wav', 'fran', 63),
('http://www.minimalbears.com/audio/tfss-a338a63d-8e88-4044-90e9-5879051b2785-kaija piss.wav', 'kaija', 45),
('http://www.minimalbears.com/audio/tfss-775a9208-5850-4f49-88e0-add7fd19965a-asher miss.wav', 'asher', 287),
('http://www.minimalbears.com/audio/tfss-ff0f7297-2989-4cf6-9963-5b4665dde636-wozza sheet.wav', 'wozza', 324),
('http://www.minimalbears.com/audio/tfss-5fd935c4-f557-4229-b195-146cf4c3439b-alex path.wav', 'alex', 97),
('http://www.minimalbears.com/audio/tfss-c4ef25d5-c3d5-4d73-ad76-fa12b9c1c0d1-wozza bead.wav', 'wozza', 13),
('http://www.minimalbears.com/audio/tfss-001ac3ac-d489-4036-9c6b-2a22f47a406c-kaija kin.wav', 'kaija', 162),
('http://www.minimalbears.com/audio/tfss-ae889125-4a3e-4a74-aebe-f4ee1b3cf167-wozza green.wav', 'wozza', 235),
('http://www.minimalbears.com/audio/tfss-5956a7c5-6de2-4dc2-a637-63ef49f38aa9-alex pick.wav', 'alex', 53),
('http://www.minimalbears.com/audio/tfss-30430c27-453f-4aa9-be33-cb39192a4d32-alex sank.wav', 'alex', 26),
('http://www.minimalbears.com/audio/tfss-3b550964-2f7f-4fc0-876e-26b770021b4d-asher mouth.wav', 'asher', 299),
('http://www.minimalbears.com/audio/tfss-aae02ac8-a4a4-49f6-bb2e-dd79172d36bd-fran wheat.wav', 'fran', 127),
('http://www.minimalbears.com/audio/tfss-45bda5ca-cf47-4ecd-b116-1b06d19ad3cb-kaija fit.wav', 'kaija', 293),
('http://www.minimalbears.com/audio/tfss-91003012-4147-4a9c-bbf8-ac4edeea3272-fran heap.wav', 'fran', 241),
('http://www.minimalbears.com/audio/tfss-145dde78-a3bf-4ae8-b3a8-45249521eddc-fran sick2.wav', 'fran', 270),
('http://www.minimalbears.com/audio/tfss-c293ddfc-a6c5-48cf-b260-72edadcec846-fran force.wav', 'fran', 96),
('http://www.minimalbears.com/audio/tfss-99c0e912-a430-4543-b0d5-906c24c58478-asher slip.wav', 'asher', 275),
('http://www.minimalbears.com/audio/tfss-e3b2c451-fe7d-4d07-a577-7311659975a6-fran hit.wav', 'fran', 229),
('http://www.minimalbears.com/audio/tfss-03551ef8-9485-4f74-9b28-3c8460e123cb-stas slip.wav', 'stas', 275),
('http://www.minimalbears.com/audio/tfss-0e5f35a1-5f28-4bb9-9aad-7fbf26bc731d-fran green.wav', 'fran', 235),
('http://www.minimalbears.com/audio/tfss-d5bfaf84-d010-411c-a9a7-1d2a02496b51-kaija bid.wav', 'kaija', 31),
('http://www.minimalbears.com/audio/tfss-be01702f-5d3d-4644-845f-abd2bcf07480-stas fist.wav', 'stas', 133),
('http://www.minimalbears.com/audio/tfss-76d91ab4-49bc-4692-89f3-121b4bdd53e0-alex slip.wav', 'alex', 275),
('http://www.minimalbears.com/audio/tfss-2c23061b-4c7b-4821-ba54-435d02af3685-kaija sleet.wav', 'kaija', 30),
('http://www.minimalbears.com/audio/tfss-9fb9401e-8e7c-4bd2-8173-693f057f4e3f-wozza peach.wav', 'wozza', 116),
('http://www.minimalbears.com/audio/tfss-61bfe36f-04ac-4de4-afc5-7d9113bd39c1-fran week.wav', 'fran', 327),
('http://www.minimalbears.com/audio/tfss-891ebfbc-9cb0-4c18-a8c8-b32234fc0b95-wozza rid.wav', 'wozza', 70),
('http://www.minimalbears.com/audio/tfss-d0637f54-d600-49d3-866c-d70b6074d9a4-wozza thank.wav', 'wozza', 42),
('http://www.minimalbears.com/audio/tfss-ba7c8a15-71f5-420d-aaf9-79c079624582-fran growth.wav', 'fran', 238),
('http://www.minimalbears.com/audio/tfss-7d18adf3-828c-4dbe-9871-a1b9e8fe2a01-alex heed.wav', 'alex', 59),
('http://www.minimalbears.com/audio/tfss-91ec3cfe-aba1-48cd-b39a-7c87ab83a0c6-stas shin.wav', 'stas', 280),
('http://www.minimalbears.com/audio/tfss-8cf08470-e1a4-43f5-96d6-919c09862998-wozza beach.wav', 'wozza', 105),
('http://www.minimalbears.com/audio/tfss-e1898062-ae26-43ea-8297-b412a84b87c3-asher teat2.wav', 'asher', 283),
('http://www.minimalbears.com/audio/tfss-2a5b6372-caf5-499e-8689-dd5f38e3f288-alex win2.wav', 'alex', 180),
('http://www.minimalbears.com/audio/tfss-f1458a7d-b60b-4d04-9d87-b9b3c3f14b4f-alex saw.wav', 'alex', 112),
('http://www.minimalbears.com/audio/tfss-8d5d07d1-e24f-421c-8929-0c0a43fe5832-fran live.wav', 'fran', 28),
('http://www.minimalbears.com/audio/tfss-42f02653-308e-4cd1-b2bb-128f12ccbba7-alex tit.wav', 'alex', 215),
('http://www.minimalbears.com/audio/tfss-51db12c7-d73f-454f-897c-99fb07f146c4-fran face.wav', 'fran', 247),
('http://www.minimalbears.com/audio/tfss-31c3bb70-1880-4f32-abc1-9520b3d98723-stas feel.wav', 'stas', 193),
('http://www.minimalbears.com/audio/tfss-d23b4137-48c9-4e2e-b21a-2fe87e49ac5e-stas beat.wav', 'stas', 234),
('http://www.minimalbears.com/audio/tfss-3973ca4d-322e-44c3-adf9-53848f0f6490-alex team.wav', 'alex', 94),
('http://www.minimalbears.com/audio/tfss-a23af9e0-e63d-48b1-9d7a-7c09f8f678cb-alex sump.wav', 'alex', 218),
('http://www.minimalbears.com/audio/tfss-9c7e113b-6e1d-4587-a670-56fdd75b08fd-stas week.wav', 'stas', 327),
('http://www.minimalbears.com/audio/tfss-25227e41-2a21-4736-8054-ab5f68c139fb-asher sigh.wav', 'asher', 92),
('http://www.minimalbears.com/audio/tfss-2e079df0-d4b6-4d89-8238-41141d1f32b7-stas rick.wav', 'stas', 214),
('http://www.minimalbears.com/audio/tfss-cdf61900-1b68-4e54-9c20-82eef0affb76-asher team.wav', 'asher', 94),
('http://www.minimalbears.com/audio/tfss-4ae35ccc-ba17-473c-a867-451931372d94-asher faith.wav', 'asher', 154),
('http://www.minimalbears.com/audio/tfss-dcc138a5-46bf-46e3-87aa-d12b8d9f83c7-stas wheel.wav', 'stas', 321),
('http://www.minimalbears.com/audio/tfss-bc569bfd-647b-480a-9ddc-51a2dd0d1bc6-fran deed.wav', 'fran', 23),
('http://www.minimalbears.com/audio/tfss-258e5900-d87e-40bf-991e-fbacc4b47a0d-fran heal.wav', 'fran', 95),
('http://www.minimalbears.com/audio/tfss-63d117b6-97cc-4ea3-8e65-42f4698d816d-asher hill.wav', 'asher', 84),
('http://www.minimalbears.com/audio/tfss-0410c196-7b97-4825-b808-68264dbabb1b-fran fourth.wav', 'fran', 192),
('http://www.minimalbears.com/audio/tfss-ded78c86-9dd4-47be-b44e-59eb1acc89fe-wozza thick.wav', 'wozza', 12),
('http://www.minimalbears.com/audio/tfss-604c2736-4c87-4b6e-921a-ce2833751711-asher piece2.wav', 'asher', 286),
('http://www.minimalbears.com/audio/tfss-ceac94b7-b833-4978-9578-43d46f205098-alex rid.wav', 'alex', 70),
('http://www.minimalbears.com/audio/tfss-e70d2fc6-6191-44d6-9e89-ed645a393749-fran pill.wav', 'fran', 57),
('http://www.minimalbears.com/audio/tfss-a40559cb-cf6f-4317-b176-5e11e54e71bb-asher fill.wav', 'asher', 122),
('http://www.minimalbears.com/audio/tfss-b992e117-375b-42d9-afdf-55dfd3852a40-alex sheen.wav', 'alex', 151),
('http://www.minimalbears.com/audio/tfss-74612b1a-714f-4d17-8669-91c9854c0ce0-wozza sheet2.wav', 'wozza', 324),
('http://www.minimalbears.com/audio/tfss-208c4bd7-d174-4a34-bb3d-ee49ecab5b0c-stas feast.wav', 'stas', 335),
('http://www.minimalbears.com/audio/tfss-46e00a3f-7462-4d92-b499-d3e8482f881e-wozza bin.wav', 'wozza', 129),
('http://www.minimalbears.com/audio/tfss-623ad096-10b2-4f5e-bd00-4f246145f1be-wozza surd.wav', 'wozza', 227),
('http://www.minimalbears.com/audio/tfss-6d467240-0483-4618-8776-53b959b329bf-asher moss.wav', 'asher', 44),
('http://www.minimalbears.com/audio/tfss-cdbe33e9-3329-4e95-b367-13067346764d-stas sigh.wav', 'stas', 92),
('http://www.minimalbears.com/audio/tfss-551176e6-21a8-4c97-8f8e-4bb04fe7247d-wozza dipper.wav', 'wozza', 100),
('http://www.minimalbears.com/audio/tfss-9d22e9e4-e478-4139-9e95-efa82b0996c5-wozza thing.wav', 'wozza', 38),
('http://www.minimalbears.com/audio/tfss-276b56ea-d9a3-4f27-9708-939841965465-wozza sill.wav', 'wozza', 161),
('http://www.minimalbears.com/audio/tfss-6f2c1fc4-5952-412c-91bb-1a9e3a335b2e-wozza shin.wav', 'wozza', 280),
('http://www.minimalbears.com/audio/tfss-08cb21e2-8466-4c21-84c6-9e6851ef1f69-stas slipper.wav', 'stas', 269),
('http://www.minimalbears.com/audio/tfss-fe06b252-00d2-4cb6-ba49-622fbec89eff-kaija knit.wav', 'kaija', 303),
('http://www.minimalbears.com/audio/tfss-ba9c9949-8b32-48ed-bdb5-d2d87516076d-fran read.wav', 'fran', 16),
('http://www.minimalbears.com/audio/tfss-724c9da7-480d-42ad-aaa0-d7d1ebfe93a7-fran sit2.wav', 'fran', 168),
('http://www.minimalbears.com/audio/tfss-9dfec946-257b-4e00-b5e9-3dba90e4a149-wozza dip.wav', 'wozza', 103),
('http://www.minimalbears.com/audio/tfss-31db658c-01d3-4e43-9ed1-cb38e37348b0-wozza seek.wav', 'wozza', 143),
('http://www.minimalbears.com/audio/tfss-f321c35c-6899-4ee7-a000-66fc5f4315c1-stas pass.wav', 'stas', 334),
('http://www.minimalbears.com/audio/tfss-6f76ebd5-9b66-4563-b08a-cbb92e9bd838-alex fit.wav', 'alex', 293),
('http://www.minimalbears.com/audio/tfss-000af0e9-c1a9-403e-a06c-6abe5bd6678a-alex think.wav', 'alex', 48),
('http://www.minimalbears.com/audio/tfss-283e4ff0-b926-4c9c-b1f4-2bed96d6221b-alex thump.wav', 'alex', 277),
('http://www.minimalbears.com/audio/tfss-931a5b2b-98c9-4315-a304-6048d5662c70-fran thought.wav', 'fran', 148),
('http://www.minimalbears.com/audio/tfss-c88cb19d-2ffd-4e96-a2ed-a6b80fb388c0-fran thorn.wav', 'fran', 52),
('http://www.minimalbears.com/audio/tfss-a3dd02bd-e59b-4999-b3d6-5fdd5b29831b-fran slit.wav', 'fran', 43),
('http://www.minimalbears.com/audio/tfss-0f12ce09-0ef5-4432-a73e-50d0ae1fec13-kaija peach.wav', 'kaija', 116),
('http://www.minimalbears.com/audio/tfss-651b7f5f-54e7-4ffd-9ec4-9b476ae8e1c7-wozza fourth.wav', 'wozza', 192),
('http://www.minimalbears.com/audio/tfss-3b92cd97-a09f-4da8-82b8-ce6a6aa19e69-stas faith.wav', 'stas', 154),
('http://www.minimalbears.com/audio/tfss-4ef82306-643b-44ba-a4fe-81c376cbba92-stas perth.wav', 'stas', 252),
('http://www.minimalbears.com/audio/tfss-3bb1df1f-a476-4f29-a49c-f65fc90834b4-stas piece.wav', 'stas', 286),
('http://www.minimalbears.com/audio/tfss-ca5b8d3f-d977-4fe3-8d53-a874355c7a4d-fran hid.wav', 'fran', 54),
('http://www.minimalbears.com/audio/tfss-85c1c5f3-5022-48f2-a634-440d1087ff79-stas still.wav', 'stas', 204),
('http://www.minimalbears.com/audio/tfss-419041b3-f79c-43d2-bd4c-29e041c0c136-asher bit.wav', 'asher', 328),
('http://www.minimalbears.com/audio/tfss-fee33517-e6a5-44fc-b6c5-6a584f15ea58-kaija pick.wav', 'kaija', 53),
('http://www.minimalbears.com/audio/tfss-88a128f1-01fe-4ead-bc5a-6816a5316654-stas seem.wav', 'stas', 346),
('http://www.minimalbears.com/audio/tfss-4fa0476e-34bd-4248-a8b8-43906f12c89e-stas keep.wav', 'stas', 137),
('http://www.minimalbears.com/audio/tfss-ac31a4e3-8fe5-4271-bb4d-90cbaae125d5-wozza wick.wav', 'wozza', 264),
('http://www.minimalbears.com/audio/tfss-49ea1030-4643-45f4-a952-2c21b68e5952-stas peel.wav', 'stas', 147),
('http://www.minimalbears.com/audio/tfss-f09c5e15-799e-4649-b0ec-32dd401c017d-fran hill.wav', 'fran', 84),
('http://www.minimalbears.com/audio/tfss-c9a3f906-830b-4f7b-9a3c-8824dcbdd390-fran peach.wav', 'fran', 116),
('http://www.minimalbears.com/audio/tfss-2dd0a582-b819-441e-8e77-9f1fda52910d-wozza feet.wav', 'wozza', 213),
('http://www.minimalbears.com/audio/tfss-b85ef205-e049-4378-a049-876f38ed7539-asher meet.wav', 'asher', 73),
('http://www.minimalbears.com/audio/tfss-c32bfa65-750f-42ba-b4fe-e2832f4635d9-stas grit.wav', 'stas', 170),
('http://www.minimalbears.com/audio/tfss-7144b6c2-504b-4212-aad3-a49b9735eecb-alex greet.wav', 'alex', 206),
('http://www.minimalbears.com/audio/tfss-9d3136ae-a11a-4636-ba37-84345036468b-fran worse.wav', 'fran', 221),
('http://www.minimalbears.com/audio/tfss-6eff2cf2-bd7e-49e8-b30d-9b05a4e9536c-kaija mitt.wav', 'kaija', 266),
('http://www.minimalbears.com/audio/tfss-05ef58de-8369-4642-9041-a4097983bfa0-stas thought.wav', 'stas', 148),
('http://www.minimalbears.com/audio/tfss-00ca2913-51d4-4daa-b41f-647705555cc9-alex pass.wav', 'alex', 334),
('http://www.minimalbears.com/audio/tfss-9f19324c-3dd3-4baa-a7a3-a97c7b3636dc-fran seen.wav', 'fran', 115),
('http://www.minimalbears.com/audio/tfss-a67fade7-b226-48ba-bc17-89ec7cd2b0a5-kaija thank.wav', 'kaija', 42),
('http://www.minimalbears.com/audio/tfss-6e59247d-ae4c-4767-ac22-b79a6ccab75f-stas chip.wav', 'stas', 341),
('http://www.minimalbears.com/audio/tfss-c730b6b8-85f4-4fd0-a5fb-1411877addf7-stas deep.wav', 'stas', 189),
('http://www.minimalbears.com/audio/tfss-7a355d38-0d64-47c7-9ad3-65d948a0442c-asher sawn.wav', 'asher', 292),
('http://www.minimalbears.com/audio/tfss-e4974524-1709-478f-a92d-56316307d831-wozza fit.wav', 'wozza', 293),
('http://www.minimalbears.com/audio/tfss-cb0e2a19-e0b5-4ccf-a872-0c1703f580a8-wozza thump.wav', 'wozza', 277),
('http://www.minimalbears.com/audio/tfss-a48055ae-b1bf-4dea-8dd6-a08e5d490fc1-kaija think.wav', 'kaija', 48),
('http://www.minimalbears.com/audio/tfss-f2cf0899-a11d-4e6d-92d6-424e3e729d90-kaija sigh.wav', 'kaija', 92),
('http://www.minimalbears.com/audio/tfss-c28a853b-ae74-4bd3-a2a9-49349e19026a-fran bead.wav', 'fran', 13),
('http://www.minimalbears.com/audio/tfss-261a9a49-fcb5-4055-8ca6-34d3eed5aa13-wozza path.wav', 'wozza', 97),
('http://www.minimalbears.com/audio/tfss-3e73b644-c8e1-4b8c-82ae-44213b60f8b6-alex cheek.wav', 'alex', 309),
('http://www.minimalbears.com/audio/tfss-82ee7a5a-f92a-4828-a690-571f6fa00e48-fran kin.wav', 'fran', 162),
('http://www.minimalbears.com/audio/tfss-048ceaac-2604-4f68-a4f8-0e6446b52e43-alex sick3.wav', 'alex', 270),
('http://www.minimalbears.com/audio/tfss-ffbef93e-c2ec-418d-9d61-514fd96ace0c-asher meal.wav', 'asher', 79),
('http://www.minimalbears.com/audio/tfss-c7f5d87b-6b11-4cdf-b632-e0272715282d-asher wit.wav', 'asher', 236),
('http://www.minimalbears.com/audio/tfss-f47d7aa9-5b83-4ff3-8f5c-0c30cfdf56ae-asher gross.wav', 'asher', 106),
('http://www.minimalbears.com/audio/tfss-9b081e6b-b5f7-48de-a831-39fa12c7056a-kaija moss.wav', 'kaija', 44),
('http://www.minimalbears.com/audio/tfss-40fd8d63-0be8-4bf9-a752-75fd42fbaf25-asher wraith.wav', 'asher', 217),
('http://www.minimalbears.com/audio/tfss-0d60413b-d1ea-49db-b53f-f486808ad092-wozza sing.wav', 'wozza', 302),
('http://www.minimalbears.com/audio/tfss-cd50f24f-c031-4ec4-a907-ba663d564e2e-alex sawn.wav', 'alex', 292),
('http://www.minimalbears.com/audio/tfss-e78b9e9f-52eb-4fc3-8043-bcca162e38e7-stas sid.wav', 'stas', 61),
('http://www.minimalbears.com/audio/tfss-d9174d30-b856-4890-a74b-b12d99e1e909-wozza myth.wav', 'wozza', 2),
('http://www.minimalbears.com/audio/tfss-77839d71-0373-42be-bd22-f3d1c5cfc0c9-kaija hit.wav', 'kaija', 229),
('http://www.minimalbears.com/audio/tfss-03fda8f1-1ada-4b65-934d-8be563088b73-kaija beat.wav', 'kaija', 234),
('http://www.minimalbears.com/audio/tfss-b0df8ac9-f85d-4194-91bb-34efffcfb443-asher beach.wav', 'asher', 105),
('http://www.minimalbears.com/audio/tfss-038cff76-414a-4608-86f6-de7d4dfbcbe9-asher peach.wav', 'asher', 116),
('http://www.minimalbears.com/audio/tfss-3c7558f6-cc79-4185-bee1-dff87de6a41f-wozza thigh.wav', 'wozza', 285),
('http://www.minimalbears.com/audio/tfss-27817fad-69e6-442a-8ad6-0b5b0ad43727-asher think.wav', 'asher', 48),
('http://www.minimalbears.com/audio/tfss-851f2d36-d335-490b-b764-8aeec7c4f337-alex slip2.wav', 'alex', 275),
('http://www.minimalbears.com/audio/tfss-eba47ea3-57c0-4b85-8ab6-0da2a07ae216-fran dip.wav', 'fran', 103),
('http://www.minimalbears.com/audio/tfss-4e42fda7-b6ea-4150-8f13-d95208459695-fran heed.wav', 'fran', 59),
('http://www.minimalbears.com/audio/tfss-b51fa5d3-d820-49fe-93a6-07b6606ab442-stas sank.wav', 'stas', 26),
('http://www.minimalbears.com/audio/tfss-77da6074-b9c6-405c-bb70-8c4e401db1fc-wozza teat.wav', 'wozza', 283),
('http://www.minimalbears.com/audio/tfss-a878b971-db39-428b-8a6d-95987d1cf5ec-alex worse.wav', 'alex', 221),
('http://www.minimalbears.com/audio/tfss-7c7330b4-1238-4d57-82f9-b9ff9e9c2eb7-alex kip2.wav', 'alex', 219),
('http://www.minimalbears.com/audio/tfss-3fd276e7-74a4-4997-9d56-d6d70d6adba3-stas kip.wav', 'stas', 219),
('http://www.minimalbears.com/audio/tfss-dd6295e9-a3f3-475d-9ed3-36c1b96b38dc-alex thing.wav', 'alex', 38),
('http://www.minimalbears.com/audio/tfss-b61f5581-fb1c-4ef7-8b48-3599f296c372-asher force.wav', 'asher', 96),
('http://www.minimalbears.com/audio/tfss-2c896b07-14d1-4af4-ba25-f2ab6db7e232-stas thigh.wav', 'stas', 285),
('http://www.minimalbears.com/audio/tfss-436add3e-8275-45ea-9b67-e4414113a6c9-asher heed.wav', 'asher', 59),
('http://www.minimalbears.com/audio/tfss-8f572918-ea63-4803-9f5b-73dc6899c23e-stas seat.wav', 'stas', 317),
('http://www.minimalbears.com/audio/tfss-64688f94-b32f-432f-8bb9-413c78ddb2f1-asher deep.wav', 'asher', 189),
('http://www.minimalbears.com/audio/tfss-57c8e6d1-f431-414c-9395-e6c1cbfe3be7-wozza third.wav', 'wozza', 200),
('http://www.minimalbears.com/audio/tfss-84427cc8-1a2d-434d-8c27-5c91ba944d92-kaija worse.wav', 'kaija', 221),
('http://www.minimalbears.com/audio/tfss-ed6f9d3d-f469-4b52-ba65-a9f0b5094ec0-fran sleep.wav', 'fran', 249),
('http://www.minimalbears.com/audio/tfss-6138c97b-1d5e-4e45-9600-f92459821fb6-kaija cheek.wav', 'kaija', 309),
('http://www.minimalbears.com/audio/tfss-6c6767a3-98f2-4c4b-b6aa-3447c61c0eb2-wozza fill.wav', 'wozza', 122),
('http://www.minimalbears.com/audio/tfss-c760edf5-9551-4f27-95e8-5b53f9ac6e0c-kaija sick2.wav', 'kaija', 270),
('http://www.minimalbears.com/audio/tfss-d1651e69-ecda-404f-bb0f-44ddfc06d94a-alex deed.wav', 'alex', 23),
('http://www.minimalbears.com/audio/tfss-68abbe12-0063-4aec-a0e5-039e2537d8ae-fran tense.wav', 'fran', 188),
('http://www.minimalbears.com/audio/tfss-3327319a-9bd1-4bfe-b65f-14b609573cb6-kaija third.wav', 'kaija', 200),
('http://www.minimalbears.com/audio/tfss-7eb94a4e-e7cd-4747-8052-5c9685781893-wozza tim.wav', 'wozza', 291),
('http://www.minimalbears.com/audio/tfss-54d3b710-e7a2-4a6b-9fbb-2fce499c46b1-stas thump.wav', 'stas', 277),
('http://www.minimalbears.com/audio/tfss-de4b0e5b-0bac-457c-ab90-2459b30e5f6b-wozza sawn.wav', 'wozza', 292),
('http://www.minimalbears.com/audio/tfss-c8af4184-02b4-4e91-85b1-71061bfe4f13-asher tin.wav', 'asher', 135),
('http://www.minimalbears.com/audio/tfss-9155f70e-486c-43ee-b97e-19fbd3ca06a1-wozza beat.wav', 'wozza', 234),
('http://www.minimalbears.com/audio/tfss-ee89cb9d-e180-457a-8d3b-cb5ef649e0bd-kaija chick.wav', 'kaija', 282),
('http://www.minimalbears.com/audio/tfss-a3a69dc1-914b-490e-a62a-db07a8c9e230-stas steal.wav', 'stas', 124),
('http://www.minimalbears.com/audio/tfss-befdadb1-e16b-4d81-8727-0b1a03bfabb4-fran bid.wav', 'fran', 31),
('http://www.minimalbears.com/audio/tfss-89511d05-ee4d-4ddf-99fa-a00f78ac8a5e-asher bid.wav', 'asher', 31),
('http://www.minimalbears.com/audio/tfss-92c52a23-0aec-4797-9b2b-6ac88b1c9ca5-asher bitch.wav', 'asher', 107),
('http://www.minimalbears.com/audio/tfss-a4be832c-a030-468c-95fa-d5456a85e139-asher did.wav', 'asher', 276),
('http://www.minimalbears.com/audio/tfss-c4241969-f526-4ffc-b503-2ca5a86fec64-fran sheet.wav', 'fran', 324),
('http://www.minimalbears.com/audio/tfss-f9bf9665-9b2a-4d59-b2b1-bdda41569484-alex hid.wav', 'alex', 54),
('http://www.minimalbears.com/audio/tfss-d2ae7b46-5a0a-4f75-8316-e7d541fde02a-alex still.wav', 'alex', 204),
('http://www.minimalbears.com/audio/tfss-18cdd22e-07c7-4f2a-aab9-5dce501b30a7-asher thorn.wav', 'asher', 52),
('http://www.minimalbears.com/audio/tfss-97586646-4ee3-47a3-8bcc-d042c804a886-alex seem.wav', 'alex', 346),
('http://www.minimalbears.com/audio/tfss-6233def5-2158-4d3e-aa7e-24c5f624d59e-asher sin.wav', 'asher', 298),
('http://www.minimalbears.com/audio/tfss-19f0c8b8-d555-4c07-8b66-c08eb4ac5fd8-kaija thought2.wav', 'kaija', 148),
('http://www.minimalbears.com/audio/tfss-c8c4de4a-6db0-4adc-93f5-fed5de3e3b29-kaija pill.wav', 'kaija', 57),
('http://www.minimalbears.com/audio/tfss-c638b7d1-17ab-4df0-ad6a-e53e748f9061-alex thumb.wav', 'alex', 66),
('http://www.minimalbears.com/audio/tfss-b22486ec-2ccd-45c4-9d6f-a2b4b237a8df-stas bead.wav', 'stas', 13),
('http://www.minimalbears.com/audio/tfss-45369585-348b-4690-9e4f-01c3f273ceed-fran cheek.wav', 'fran', 309),
('http://www.minimalbears.com/audio/tfss-e3004ad9-8f65-4013-a624-2e490e12093f-asher ship.wav', 'asher', 289),
('http://www.minimalbears.com/audio/tfss-9ffdafe9-8f44-4342-a4b1-10462636748f-kaija sheen.wav', 'kaija', 151),
('http://www.minimalbears.com/audio/tfss-586a67f2-1678-4e29-af2a-d570fc9e6822-wozza tin.wav', 'wozza', 135),
('http://www.minimalbears.com/audio/tfss-5cd74433-b1a2-4840-a865-7397bf210c78-wozza eat.wav', 'wozza', 159),
('http://www.minimalbears.com/audio/tfss-2e02a52c-8be1-424c-9de4-5f8d5dd48938-kaija will.wav', 'kaija', 37),
('http://www.minimalbears.com/audio/tfss-c785126d-91c5-41b8-9355-63d57b749377-kaija hip.wav', 'kaija', 253),
('http://www.minimalbears.com/audio/tfss-324e1b2a-aaf1-4746-a8b8-d6e6e299ce3e-stas live.wav', 'stas', 28),
('http://www.minimalbears.com/audio/tfss-c03042bd-11d6-48e3-803d-b88ba3a8eb8b-alex sick2.wav', 'alex', 270),
('http://www.minimalbears.com/audio/tfss-44ad12cb-7a60-47c2-8b9b-8ec186ff3498-fran sigh.wav', 'fran', 92),
('http://www.minimalbears.com/audio/tfss-479f1d8e-2552-4f1f-ac75-016d5e78116a-kaija slip.wav', 'kaija', 275),
('http://www.minimalbears.com/audio/tfss-32d3796a-c977-43ee-9fc9-3e41bb0277a1-wozza sleeper.wav', 'wozza', 17),
('http://www.minimalbears.com/audio/tfss-f8db774e-30e2-4df5-888d-c8dd7630b300-wozza wreck.wav', 'wozza', 25),
('http://www.minimalbears.com/audio/tfss-35eca014-c754-46ea-8e46-12a10dbe4877-asher pass.wav', 'asher', 334),
('http://www.minimalbears.com/audio/tfss-e75d2bd5-66f9-4e6a-84b9-1b87da0891e2-fran wick.wav', 'fran', 264),
('http://www.minimalbears.com/audio/tfss-9ad06466-e24a-44fe-8ee0-4093e10d6ff7-asher tense.wav', 'asher', 188),
('http://www.minimalbears.com/audio/tfss-d638ee24-a752-42da-afda-98b911d20716-asher face.wav', 'asher', 247),
('http://www.minimalbears.com/audio/tfss-1cc43929-8a84-4e6e-b309-9bb9e62518ec-asher purse.wav', 'asher', 201),
('http://www.minimalbears.com/audio/tfss-efe2b647-f16a-403d-95cb-87d8e9536f43-asher sin2.wav', 'asher', 298),
('http://www.minimalbears.com/audio/tfss-791d9667-7a6d-40f1-9ca1-1d75da542f80-alex moss.wav', 'alex', 44),
('http://www.minimalbears.com/audio/tfss-d52aad5c-bd74-4d60-9ffb-5b93c600befb-kaija surd.wav', 'kaija', 227),
('http://www.minimalbears.com/audio/tfss-46e3ddbb-7d7a-4f8e-b419-880344be90b7-asher heal.wav', 'asher', 95),
('http://www.minimalbears.com/audio/tfss-d58f5ac7-e38f-46c6-a9ce-64c4cfba32ea-asher thank.wav', 'asher', 42),
('http://www.minimalbears.com/audio/tfss-9525e8bf-1e6a-4edd-8c13-2ab6cb137452-fran did.wav', 'fran', 276),
('http://www.minimalbears.com/audio/tfss-86dca848-decf-4b9d-8ca4-b904cc67610c-asher fourth.wav', 'asher', 192),
('http://www.minimalbears.com/audio/tfss-c3e9c744-a463-4ddd-ba89-fa7c35ce6939-asher dip.wav', 'asher', 103),
('http://www.minimalbears.com/audio/tfss-cb2e7d6b-0ee3-4904-95bd-82e9912a9b3a-asher teat.wav', 'asher', 283),
('http://www.minimalbears.com/audio/tfss-6160ebc7-2891-4a5b-bb31-7514a1396594-kaija deep.wav', 'kaija', 189),
('http://www.minimalbears.com/audio/tfss-49b4d1a0-156b-47f1-9a5b-367ffe9d840e-fran knit.wav', 'fran', 303),
('http://www.minimalbears.com/audio/tfss-1fbf7453-b729-41b6-bf88-592cbde51734-fran worth.wav', 'fran', 51),
('http://www.minimalbears.com/audio/tfss-3cdab5b1-b330-4aa2-a298-8f8a837315c5-fran path.wav', 'fran', 97),
('http://www.minimalbears.com/audio/tfss-2350b654-5a6f-4660-86d0-48bbeb201d98-asher eat.wav', 'asher', 159),
('http://www.minimalbears.com/audio/tfss-e6c81208-d319-4b3f-a487-86494d903a61-wozza chip.wav', 'wozza', 341),
('http://www.minimalbears.com/audio/tfss-52c19b09-86a8-42e6-a8af-3b1e3e846fb4-stas wheat.wav', 'stas', 127),
('http://www.minimalbears.com/audio/tfss-51cfe76a-a4c7-4c72-a644-a9e3dc054b5d-stas greet.wav', 'stas', 206),
('http://www.minimalbears.com/audio/tfss-683f3966-333b-4469-bed3-c9c519709ad0-alex will.wav', 'alex', 37),
('http://www.minimalbears.com/audio/tfss-774197ab-b99e-45dd-9cee-a5f31636ba3a-stas sleet.wav', 'stas', 30),
('http://www.minimalbears.com/audio/tfss-6ed7ecf6-b295-4671-9dd8-8361b2a43bd0-kaija slit.wav', 'kaija', 43),
('http://www.minimalbears.com/audio/tfss-c63cb8e5-809b-4b81-ad79-a5f646e8e9e1-kaija bead.wav', 'kaija', 13),
('http://www.minimalbears.com/audio/tfss-850eb499-7403-439d-b8d1-5a6dd3325dc9-asher feel.wav', 'asher', 193),
('http://www.minimalbears.com/audio/tfss-7d72a67b-1e3e-497c-9427-1fa93554788d-kaija moth.wav', 'kaija', 195),
('http://www.minimalbears.com/audio/tfss-55d07bc2-0311-455e-9b22-d4bfeb17c420-wozza thumb2.wav', 'wozza', 66),
('http://www.minimalbears.com/audio/tfss-58dfbaf8-aa1f-4b48-9ab7-68dc5500b5d2-fran leave.wav', 'fran', 165),
('http://www.minimalbears.com/audio/tfss-e28cabcf-2cfa-41f0-871c-ffe54376dbc0-fran seek.wav', 'fran', 143),
('http://www.minimalbears.com/audio/tfss-db54f5e3-13f6-40af-8e28-498935475277-alex mill.wav', 'alex', 342),
('http://www.minimalbears.com/audio/tfss-6a9f087a-0d5e-4f68-9ee2-b54de0df624b-kaija sit.wav', 'kaija', 168),
('http://www.minimalbears.com/audio/tfss-53bdebca-3141-4ae7-9716-6da664ff346f-fran piece.wav', 'fran', 286),
('http://www.minimalbears.com/audio/tfss-cfaa6cbe-3d51-46d8-8721-6876779d18b5-asher thong.wav', 'asher', 98),
('http://www.minimalbears.com/audio/tfss-22a1184d-b378-4192-a8de-4a0d52db2fe7-alex myth.wav', 'alex', 2),
('http://www.minimalbears.com/audio/tfss-3b72ab70-ab5c-48e4-87a1-69eef75a88b7-stas teen.wav', 'stas', 171),
('http://www.minimalbears.com/audio/tfss-44bdbf25-9dc8-43e6-b22f-e2dd44efcca4-kaija worth.wav', 'kaija', 51),
('http://www.minimalbears.com/audio/tfss-ad4b442e-8990-4853-b1bf-40f8f734e66f-stas teat.wav', 'stas', 283),
('http://www.minimalbears.com/audio/tfss-1ae61d0e-29a0-47dc-b3d8-fd8bcbb02021-asher wick.wav', 'asher', 264),
('http://www.minimalbears.com/audio/tfss-4f6c9d97-4dce-423d-b5ab-b64577b8be20-kaija neat.wav', 'kaija', 102),
('http://www.minimalbears.com/audio/tfss-d1d2340b-d5ae-47d4-a527-1baed9586868-stas tim.wav', 'stas', 291),
('http://www.minimalbears.com/audio/tfss-4aa7ec9a-cb04-4107-b3cf-3135adefc06e-stas hip.wav', 'stas', 253),
('http://www.minimalbears.com/audio/tfss-5445da14-a1eb-4e90-a525-b56e97fd29b8-asher thing.wav', 'asher', 38),
('http://www.minimalbears.com/audio/tfss-ffaaf8ce-95c9-455a-ba53-2041ae96dd67-kaija mouse.wav', 'kaija', 273),
('http://www.minimalbears.com/audio/tfss-444ce3ed-d099-4422-984a-277c37094c14-asher feet.wav', 'asher', 213),
('http://www.minimalbears.com/audio/tfss-b43c6fe1-f961-498d-9656-87092371d97d-alex ship.wav', 'alex', 289),
('http://www.minimalbears.com/audio/tfss-c3cb4bef-0347-45a7-82c5-9040bd36d230-wozza week.wav', 'wozza', 327),
('http://www.minimalbears.com/audio/tfss-f156ca46-2587-4f0b-a60c-5a21d2f6ed2c-asher chip.wav', 'asher', 341),
('http://www.minimalbears.com/audio/tfss-6739554e-0890-4e93-b678-bc1cc087262d-asher cheek.wav', 'asher', 309),
('http://www.minimalbears.com/audio/tfss-e3da369f-ed50-4a95-a8a5-15e087a6dfb7-kaija leave.wav', 'kaija', 165),
('http://www.minimalbears.com/audio/tfss-3d65873a-bce7-4cc1-84bb-95aa107da6d2-asher deeper.wav', 'asher', 140),
('http://www.minimalbears.com/audio/tfss-1f38f647-94a6-462e-b07d-0224b4abda9a-wozza theme.wav', 'wozza', 212),
('http://www.minimalbears.com/audio/tfss-2df06f11-9aba-4df4-8e84-e1390852ecd5-asher still.wav', 'asher', 204),
('http://www.minimalbears.com/audio/tfss-971afbba-3392-4509-9a71-c95073dc7850-stas bean.wav', 'stas', 281),
('http://www.minimalbears.com/audio/tfss-f6859e09-3d6a-4f95-99a8-cb86b93d74a9-kaija fizz.wav', 'kaija', 36),
('http://www.minimalbears.com/audio/tfss-e5d93b5d-f6d0-4252-b38c-dfe7fa119add-fran fees.wav', 'fran', 14),
('http://www.minimalbears.com/audio/tfss-9a56433f-a43f-4956-910e-0c7666aa5574-alex beat.wav', 'alex', 234),
('http://www.minimalbears.com/audio/tfss-b2745182-12e1-4135-9f91-969dec6a9337-wozza tit.wav', 'wozza', 215),
('http://www.minimalbears.com/audio/tfss-c0b19fd6-e2f2-4c0c-a65b-e484d64d8bf4-alex tense.wav', 'alex', 188),
('http://www.minimalbears.com/audio/tfss-90012e91-f932-42e2-8d5a-fb7a4e6f116c-wozza slip.wav', 'wozza', 275),
('http://www.minimalbears.com/audio/tfss-25f3c638-3bad-45b6-b371-587d8ec7bdae-wozza heed.wav', 'wozza', 59),
('http://www.minimalbears.com/audio/tfss-eb380130-acc3-47f7-998a-66bb495b0b58-kaija thong.wav', 'kaija', 98),
('http://www.minimalbears.com/audio/tfss-24df7415-49f1-4e3f-bdba-236294ba0cd3-wozza heap.wav', 'wozza', 241),
('http://www.minimalbears.com/audio/tfss-c31955ec-0a7f-4ad7-8760-244857178cce-stas did.wav', 'stas', 276),
('http://www.minimalbears.com/audio/tfss-2f025499-b1a4-4e6a-b6f5-0e8c6c5bf1a2-alex sleep.wav', 'alex', 249),
('http://www.minimalbears.com/audio/tfss-159d8651-970f-418a-89bc-305b2af9ce73-alex mitt.wav', 'alex', 266),
('http://www.minimalbears.com/audio/tfss-190fa45c-4d34-4991-842c-bacdbc79b64c-kaija teen.wav', 'kaija', 171),
('http://www.minimalbears.com/audio/tfss-85622b47-917f-42ba-ad6e-f71f3809575d-wozza purse.wav', 'wozza', 201),
('http://www.minimalbears.com/audio/tfss-3eb4805c-aa62-462b-ba58-bbb166e414f8-stas sought.wav', 'stas', 34),
('http://www.minimalbears.com/audio/tfss-98f21c43-5007-4df7-8c4a-105cb2a549e2-kaija feel.wav', 'kaija', 193),
('http://www.minimalbears.com/audio/tfss-2c4ae623-643e-4854-b068-4a206ae1690a-stas cheek.wav', 'stas', 309),
('http://www.minimalbears.com/audio/tfss-5ee9b1fc-d403-449b-8a36-b9364ef9a481-alex sink2.wav', 'alex', 68),
('http://www.minimalbears.com/audio/tfss-5761e65b-732e-4254-b76e-29ee387743b1-stas fizz.wav', 'stas', 36),
('http://www.minimalbears.com/audio/tfss-7f322663-6b4e-4aac-a699-9beaec11d07c-stas sleeper.wav', 'stas', 17),
('http://www.minimalbears.com/audio/tfss-0c554ebf-2599-4872-800b-75d2db9b8ef9-kaija song.wav', 'kaija', 110),
('http://www.minimalbears.com/audio/tfss-f4e182bb-1a8e-480d-a2d0-d4e42a613b16-fran wit.wav', 'fran', 236),
('http://www.minimalbears.com/audio/tfss-71160c73-8e8a-4fc4-8c3c-6f4cfbde0e0f-wozza sit.wav', 'wozza', 168),
('http://www.minimalbears.com/audio/tfss-1c7511a0-3c84-49ac-b05b-b87cdf12eeaf-asher led.wav', 'asher', 35),
('http://www.minimalbears.com/audio/tfss-d259e77f-f3e8-44e6-8f81-05e3585264c0-stas fit.wav', 'stas', 293),
('http://www.minimalbears.com/audio/tfss-a1a5eafd-b730-44c0-8ce4-6e8f44c3ee31-wozza sump.wav', 'wozza', 218),
('http://www.minimalbears.com/audio/tfss-dee207a1-dadf-4782-a694-2202abd50dad-stas seed.wav', 'stas', 155),
('http://www.minimalbears.com/audio/tfss-94500a4f-bfde-4895-8a24-5dce2b8b152d-stas sawn.wav', 'stas', 292),
('http://www.minimalbears.com/audio/tfss-53c86ee7-84f5-40fe-a590-70a000fb3316-asher live.wav', 'asher', 28),
('http://www.minimalbears.com/audio/tfss-0bc2dd7d-6b6d-4499-92ef-df53b83c7024-wozza will.wav', 'wozza', 37),
('http://www.minimalbears.com/audio/tfss-a7e07c08-bfe5-4914-b38c-451d43ff7719-kaija rid.wav', 'kaija', 70),
('http://www.minimalbears.com/audio/tfss-20fb3783-e77d-463d-88e6-a712c6516be2-alex bin.wav', 'alex', 129),
('http://www.minimalbears.com/audio/tfss-3b122e0e-53af-4b93-879d-70086dc955bf-kaija bit.wav', 'kaija', 328),
('http://www.minimalbears.com/audio/tfss-537a46ca-0847-4ee5-9ff3-d202d771c399-alex mouth.wav', 'alex', 299),
('http://www.minimalbears.com/audio/tfss-97308ef6-504f-4d6a-aa5f-6a5de9c9a47a-stas tit.wav', 'stas', 215),
('http://www.minimalbears.com/audio/tfss-ff027cb8-1e9d-4971-bdd0-58ba73896489-asher beat2.wav', 'asher', 234),
('http://www.minimalbears.com/audio/tfss-2e22ac4f-e0eb-46db-9d3f-3b612fab2aa4-alex worth.wav', 'alex', 51),
('http://www.minimalbears.com/audio/tfss-cb373307-70bc-40e8-9fbe-aacf2c87834f-kaija read.wav', 'kaija', 16),
('http://www.minimalbears.com/audio/tfss-0a267b0b-60d2-4f72-a2b0-1f543615e063-wozza bitch.wav', 'wozza', 107),
('http://www.minimalbears.com/audio/tfss-1b04843d-06f4-4df6-9505-2adaca77b36b-stas heal.wav', 'stas', 95),
('http://www.minimalbears.com/audio/tfss-ccf94d1a-1af6-418c-ab4a-65969e4ec468-fran rid.wav', 'fran', 70),
('http://www.minimalbears.com/audio/tfss-647724cb-ddcc-4f74-8a76-eba487fbb41c-fran thick.wav', 'fran', 12),
('http://www.minimalbears.com/audio/tfss-a32b9d36-b910-4de8-87f3-a001480a12ba-kaija sheet1.wav', 'kaija', 324),
('http://www.minimalbears.com/audio/tfss-8ec1be16-1eec-40f6-b0f2-2d4b6e8b302d-alex week.wav', 'alex', 327),
('http://www.minimalbears.com/audio/tfss-5517de79-4434-46fb-b964-1e518bef7a75-kaija force.wav', 'kaija', 96),
('http://www.minimalbears.com/audio/tfss-824ed716-08fe-4ec9-ba70-1262e6c6585e-stas miss.wav', 'stas', 287),
('http://www.minimalbears.com/audio/tfss-a35aea07-4018-47cc-bf62-0429e8e6eb90-kaija thumb.wav', 'kaija', 66),
('http://www.minimalbears.com/audio/tfss-10f45760-9cfa-43be-aa92-6e081506f784-asher thick.wav', 'asher', 12),
('http://www.minimalbears.com/audio/tfss-c6bf050f-a69c-4b99-a2df-21aed05caf7e-asher pitch.wav', 'asher', 71),
('http://www.minimalbears.com/audio/tfss-d4c6f851-9efb-4b66-8dd4-d00f9f6b6711-stas mitt.wav', 'stas', 266),
('http://www.minimalbears.com/audio/tfss-ae2b123c-7daa-430d-b857-0ee67988c0c7-fran heat.wav', 'fran', 74),
('http://www.minimalbears.com/audio/tfss-1706fcb0-927e-4da0-9cac-ac1d1c6ba2c9-fran pick.wav', 'fran', 53),
('http://www.minimalbears.com/audio/tfss-a9bfbc00-d929-4ea4-8205-b77161035e28-alex meet.wav', 'alex', 73),
('http://www.minimalbears.com/audio/tfss-16fac486-293e-44cf-b0f7-0ce54374d630-wozza neat.wav', 'wozza', 102),
('http://www.minimalbears.com/audio/tfss-4888f731-c07c-4d50-a172-cb9d77701d4b-wozza sin2.wav', 'wozza', 298),
('http://www.minimalbears.com/audio/tfss-42d823c6-2e66-46c5-91a9-925dd580910b-alex knit.wav', 'alex', 303),
('http://www.minimalbears.com/audio/tfss-8a25974d-b7d9-4ba8-b21d-e66bf8749abf-fran saw.wav', 'fran', 112),
('http://www.minimalbears.com/audio/tfss-cd9850b1-9a6a-4fc4-b9f4-12c5f52feab8-stas seal.wav', 'stas', 7),
('http://www.minimalbears.com/audio/tfss-b6af263e-b74b-438c-8dc6-6cd20b9b1b7a-kaija cheek2.wav', 'kaija', 309),
('http://www.minimalbears.com/audio/tfss-709dcda5-e286-4ebd-9dd3-eda35e5b344f-fran lead.wav', 'fran', 117),
('http://www.minimalbears.com/audio/tfss-b3c2bd12-4d08-4e28-9447-834988bceb4b-kaija lead.wav', 'kaija', 117),
('http://www.minimalbears.com/audio/tfss-505657bb-64c0-4fea-886d-5e6f2dc456ed-alex dip.wav', 'alex', 103),
('http://www.minimalbears.com/audio/tfss-f7b1487f-4ecd-4915-902c-21d5ad7ae36e-asher dipper.wav', 'asher', 100),
('http://www.minimalbears.com/audio/tfss-5f06ce66-3d03-48a2-9ea0-d437e9b18ff8-alex face.wav', 'alex', 247),
('http://www.minimalbears.com/audio/tfss-f3f75fe6-60e5-4990-9e4d-109beb7fa47a-alex thaw2.wav', 'alex', 202),
('http://www.minimalbears.com/audio/tfss-8257ff00-5e77-40cd-98ee-ff9317868196-stas sleep.wav', 'stas', 249),
('http://www.minimalbears.com/audio/tfss-ac3ad428-90c9-4248-98da-f48322f39b54-fran bitch.wav', 'fran', 107),
('http://www.minimalbears.com/audio/tfss-fe1a379a-ddcb-4acd-9bec-a570cb4c96a6-kaija wraith.wav', 'kaija', 217),
('http://www.minimalbears.com/audio/tfss-cecd688e-2ca0-4ba3-9492-d9e9f76528a4-alex steal.wav', 'alex', 124),
('http://www.minimalbears.com/audio/tfss-8387a3b3-af42-4fde-bf11-063fadd3e7c3-kaija keen.wav', 'kaija', 46),
('http://www.minimalbears.com/audio/tfss-7b8d24e0-f3dc-448e-9704-a140376c282d-fran eel.wav', 'fran', 345),
('http://www.minimalbears.com/audio/tfss-3db31174-c779-44a9-ac99-2ffb0aa6da78-wozza sheep.wav', 'wozza', 67),
('http://www.minimalbears.com/audio/tfss-9082654d-ee39-497a-84b2-f975006fb700-asher week.wav', 'asher', 327),
('http://www.minimalbears.com/audio/tfss-4cac82ec-4785-407d-ae9d-4b4751ef2e8a-kaija sill.wav', 'kaija', 161),
('http://www.minimalbears.com/audio/tfss-d76ed453-d58b-401a-88ac-293d4771ae51-fran sleeper.wav', 'fran', 17),
('http://www.minimalbears.com/audio/tfss-1306d1bc-e84c-4532-a004-4c8b4db96b5b-stas ill.wav', 'stas', 199),
('http://www.minimalbears.com/audio/tfss-1d5a9abd-af29-4bff-b37c-617ece28e0a9-fran chick.wav', 'fran', 282),
('http://www.minimalbears.com/audio/tfss-4c2ffa54-882a-4324-a396-a6e79a308aa6-wozza wraith.wav', 'wozza', 217),
('http://www.minimalbears.com/audio/tfss-d9fc3d60-f04f-4d13-bd4e-d460899af8d6-wozza thong.wav', 'wozza', 98),
('http://www.minimalbears.com/audio/tfss-57d43353-f97a-4312-86bf-e914ef4d2796-alex win.wav', 'alex', 50),
('http://www.minimalbears.com/audio/tfss-0bdb35bb-881f-4913-a8a4-bc2bd79b418e-wozza race.wav', 'wozza', 257),
('http://www.minimalbears.com/audio/tfss-118eefad-9dfb-4a86-9dbb-33e11c0f137f-asher wean.wav', 'asher', 141),
('http://www.minimalbears.com/audio/tfss-50868903-8d16-4916-826a-900114a69283-kaija some.wav', 'kaija', 301),
('http://www.minimalbears.com/audio/tfss-a72a8e49-d3db-4e9b-aa2c-0fa003e06608-fran purse.wav', 'fran', 201),
('http://www.minimalbears.com/audio/tfss-97e0208c-9dd8-4ea7-8bd9-4c85d94b37b9-fran sin2.wav', 'fran', 298),
('http://www.minimalbears.com/audio/tfss-ebaf8c3e-29bb-403d-9da8-c9a0ff976309-alex heal.wav', 'alex', 95),
('http://www.minimalbears.com/audio/tfss-5041c3e0-604e-4c3e-b2e0-56bd689daadd-fran wraith.wav', 'fran', 217),
('http://www.minimalbears.com/audio/tfss-5cf26203-030b-426b-9e8c-0d8c55356e98-fran fill.wav', 'fran', 122),
('http://www.minimalbears.com/audio/tfss-951edb27-c7f5-458a-81b4-ac8a66e1e9ab-stas shit.wav', 'stas', 109),
('http://www.minimalbears.com/audio/tfss-6dbcd61b-7d9b-4e58-9ffb-73837056c485-stas eat.wav', 'stas', 159),
('http://www.minimalbears.com/audio/tfss-39ddaacc-e98f-47d8-a7dc-b90e4f0536d8-wozza peat.wav', 'wozza', 225),
('http://www.minimalbears.com/audio/tfss-1fa40833-02b8-494d-8877-245341b38af7-stas third.wav', 'stas', 200),
('http://www.minimalbears.com/audio/tfss-2d8d71a9-e33a-459c-a1de-765c70b70cfb-kaija peat.wav', 'kaija', 225),
('http://www.minimalbears.com/audio/tfss-5f69f04e-81ae-4596-ba65-1e6af17cb6b4-stas lead.wav', 'stas', 117),
('http://www.minimalbears.com/audio/tfss-7dd603f2-27cd-4f74-84aa-80a88ac7ea75-stas sheen.wav', 'stas', 151),
('http://www.minimalbears.com/audio/tfss-2e9fec0e-42b5-4a81-bd31-4a9b2a89b844-kaija sank.wav', 'kaija', 26),
('http://www.minimalbears.com/audio/tfss-e27acd5b-81d0-4970-add2-22e32d43d290-stas grin.wav', 'stas', 50),
('http://www.minimalbears.com/audio/tfss-6d4b38dc-ef31-426b-9934-f88be81446d0-wozza sank.wav', 'wozza', 26),
('http://www.minimalbears.com/audio/tfss-06224307-da67-4a88-aa46-d536a4702fbc-kaija peak.wav', 'kaija', 65),
('http://www.minimalbears.com/audio/tfss-27323fb5-18c2-4a01-8f66-664b94a53274-asher moth.wav', 'asher', 195),
('http://www.minimalbears.com/audio/tfss-54e3fc96-f104-4249-9d75-84b4ef74a7ed-stas wick.wav', 'stas', 264),
('http://www.minimalbears.com/audio/tfss-cb8998f7-67a6-4fda-a3e7-a521e53d8b22-stas thong.wav', 'stas', 98),
('http://www.minimalbears.com/audio/tfss-5b0570e3-3b93-46f2-8b86-09c3058c92de-kaija sump.wav', 'kaija', 218),
('http://www.minimalbears.com/audio/tfss-1c502033-c1d1-44e5-81cc-f5d27030f0b2-kaija mill.wav', 'kaija', 342),
('http://www.minimalbears.com/audio/tfss-af8dcb3b-04d6-4049-99d9-cb9c679ddf4b-alex hit.wav', 'alex', 229),
('http://www.minimalbears.com/audio/tfss-73b5675a-d7d6-485b-b4a8-e2ce64678724-kaija tin.wav', 'kaija', 135),
('http://www.minimalbears.com/audio/tfss-3813b377-88f8-409f-a8e9-2ee3bee78df3-kaija shin.wav', 'kaija', 280),
('http://www.minimalbears.com/audio/tfss-bf948a8d-6d4c-4f7e-b699-e3d9c823a575-asher saw.wav', 'asher', 112),
('http://www.minimalbears.com/audio/tfss-c78f37a1-840e-4e8d-870f-eea29b69d08f-stas sheet2.wav', 'stas', 324),
('http://www.minimalbears.com/audio/tfss-47c40033-dd47-401f-af48-63d3320c34c9-fran keen.wav', 'fran', 46),
('http://www.minimalbears.com/audio/tfss-301ae1e1-d570-45ed-9735-274800f141a1-asher fist.wav', 'asher', 133),
('http://www.minimalbears.com/audio/tfss-ac9d7a4b-6221-4720-92d3-bcb28bcc6089-alex eat.wav', 'alex', 159),
('http://www.minimalbears.com/audio/tfss-e992268a-5044-4560-ab48-43bdccb84723-asher mitt.wav', 'asher', 266),
('http://www.minimalbears.com/audio/tfss-f2c08abb-4956-4f09-97d0-993271633e37-kaija green.wav', 'kaija', 235),
('http://www.minimalbears.com/audio/tfss-245f85aa-1c40-403d-a146-d4f02d2f9011-alex heap.wav', 'alex', 241),
('http://www.minimalbears.com/audio/tfss-73ed1ea9-4f66-4646-9310-c35441e90e6e-kaija still.wav', 'kaija', 204),
('http://www.minimalbears.com/audio/tfss-c722e539-7732-428f-93a0-040e05842b1a-stas piece2.wav', 'stas', 286),
('http://www.minimalbears.com/audio/tfss-d72f5754-5e65-44b8-b213-3c703ee8d4ab-wozza team.wav', 'wozza', 94),
('http://www.minimalbears.com/audio/tfss-f8528c91-293b-47c4-bdc8-4c3db28ae08d-wozza some.wav', 'wozza', 301),
('http://www.minimalbears.com/audio/tfss-376e53d6-d785-4720-93da-b41cb8c6181c-kaija fees.wav', 'kaija', 14),
('http://www.minimalbears.com/audio/tfss-55c37b3c-75c7-4a56-836f-be2bf55ca863-alex bid.wav', 'alex', 31),
('http://www.minimalbears.com/audio/tfss-9e26a0ae-afad-4fbe-b040-7aa7a7cc3ee3-asher beach2.wav', 'asher', 105),
('http://www.minimalbears.com/audio/tfss-fba7330d-fa73-406c-b0e1-6f702f4dcca5-wozza gross.wav', 'wozza', 106),
('http://www.minimalbears.com/audio/tfss-5b0f3309-91b1-4c11-afe6-05b9e74fbab3-stas dip.wav', 'stas', 103),
('http://www.minimalbears.com/audio/tfss-56e17bc4-ba75-4a60-af27-9e7302c33dd6-wozza deed.wav', 'wozza', 23),
('http://www.minimalbears.com/audio/tfss-c7bebf38-354c-41fd-af0a-560afa7ba83d-stas kin.wav', 'stas', 162),
('http://www.minimalbears.com/audio/tfss-9d82ab83-f7df-46c6-af07-bb2dd78f2e82-stas gross.wav', 'stas', 106),
('http://www.minimalbears.com/audio/tfss-4f984fca-2205-4c91-9207-1c34bf3606b2-stas face.wav', 'stas', 247),
('http://www.minimalbears.com/audio/tfss-64f5ef78-3fb7-4a7b-bea9-be2b7c66b3cd-alex seen.wav', 'alex', 115),
('http://www.minimalbears.com/audio/tfss-10f065a0-a8ac-4f31-aa2f-f4c0e5f8a79e-kaija grin.wav', 'kaija', 50),
('http://www.minimalbears.com/audio/tfss-bd7b1aa0-9e4e-430a-9756-55632a5603df-asher sink.wav', 'asher', 68),
('http://www.minimalbears.com/audio/tfss-1c016abe-b986-4ba7-a545-37b68cf4ff3f-alex sin.wav', 'alex', 298),
('http://www.minimalbears.com/audio/tfss-ce0c456b-4ddb-4bec-a7da-86055043b504-fran neat.wav', 'fran', 102),
('http://www.minimalbears.com/audio/tfss-bacc9560-5359-488f-98da-d80f825daced-wozza sheen.wav', 'wozza', 151),
('http://www.minimalbears.com/audio/tfss-f20a4a00-a371-4fac-ba0b-a108646246f0-wozza deep.wav', 'wozza', 189),
('http://www.minimalbears.com/audio/tfss-f5657bc6-bbbe-4a91-b85f-ff658a0865b0-fran beach2.wav', 'fran', 105),
('http://www.minimalbears.com/audio/tfss-4a73ec2d-f03c-4774-8eaf-456ee07d00f9-asher seen.wav', 'asher', 115),
('http://www.minimalbears.com/audio/tfss-9b2e04be-9cf4-41c3-ac6a-d2e1e97f7bdb-fran dipper.wav', 'fran', 100),
('http://www.minimalbears.com/audio/tfss-d27f2e1e-cbe0-46c2-bbaa-50ad3ce44905-kaija tim.wav', 'kaija', 291),
('http://www.minimalbears.com/audio/tfss-8bb31e3e-1b8d-4caf-82f1-631595c47fc9-kaija peel.wav', 'kaija', 147),
('http://www.minimalbears.com/audio/tfss-8c3f8fee-47e6-4a95-9fc2-d5f9217228c7-stas fourth.wav', 'stas', 192),
('http://www.minimalbears.com/audio/tfss-ef283b29-4667-4b3e-b179-6f3ff3f2bf1e-kaija hid.wav', 'kaija', 54),
('http://www.minimalbears.com/audio/tfss-13e7345d-ef29-4ec2-9499-cf63aa8115a1-stas read.wav', 'stas', 16),
('http://www.minimalbears.com/audio/tfss-b4d33c5a-d013-4fa7-9a27-8bb5c94e90cf-stas feet.wav', 'stas', 213),
('http://www.minimalbears.com/audio/tfss-2cd7e048-30b4-44b4-b161-54df30f75048-fran fit.wav', 'fran', 293),
('http://www.minimalbears.com/audio/tfss-6e888ae6-8556-4e03-96db-73e2c13734d0-kaija gross.wav', 'kaija', 106),
('http://www.minimalbears.com/audio/tfss-e074af91-d360-445c-aead-68e9828efadb-kaija thin.wav', 'kaija', 93),
('http://www.minimalbears.com/audio/tfss-1830c56a-5514-4b1e-9d7a-1246b0f3da39-fran win.wav', 'fran', 180),
('http://www.minimalbears.com/audio/tfss-24d6f41a-f4e2-4818-887e-1f1f8ba39b8d-alex mouse.wav', 'alex', 273),
('http://www.minimalbears.com/audio/tfss-65c88993-29e4-4838-a734-5a402ea151e7-wozza shit.wav', 'wozza', 109),
('http://www.minimalbears.com/audio/tfss-4e5fc58f-7aa7-4796-964b-d3d154e6abd8-fran seen2.wav', 'fran', 115),
('http://www.minimalbears.com/audio/tfss-e4ebbc13-5c22-4c5f-91d2-a8e8f4e23b5d-alex wit.wav', 'alex', 236),
('http://www.minimalbears.com/audio/tfss-542bcd58-7f1b-41d0-933c-f982e7888c2c-wozza leave.wav', 'wozza', 165),
('http://www.minimalbears.com/audio/tfss-2cf92f5c-1bb4-419c-ba47-b285b81fad66-kaija mouth.wav', 'kaija', 299),
('http://www.minimalbears.com/audio/tfss-a541d6d6-36c0-474b-87c6-81715311b01d-alex grit.wav', 'alex', 170),
('http://www.minimalbears.com/audio/tfss-1a5d7568-4637-462a-b401-add123cbc59c-fran tim.wav', 'fran', 291),
('http://www.minimalbears.com/audio/tfss-40841214-9c13-4839-aa51-83e5357ae386-wozza mitt.wav', 'wozza', 266),
('http://www.minimalbears.com/audio/tfss-0fbfc6d9-7571-47db-bc86-c7f54bea5972-alex fill.wav', 'alex', 122),
('http://www.minimalbears.com/audio/tfss-286c5e6c-87eb-4877-a795-ded82c3d9f6f-asher wreck.wav', 'asher', 25),
('http://www.minimalbears.com/audio/tfss-31c616c6-217e-46fc-9bbc-7db62f353ea1-fran thump.wav', 'fran', 277),
('http://www.minimalbears.com/audio/tfss-68f52b52-03de-4b3b-92c7-a3678cd59131-asher thumb.wav', 'asher', 66),
('http://www.minimalbears.com/audio/tfss-fdc85537-e9aa-4373-a7c9-f50a223d960d-fran mitt.wav', 'fran', 266),
('http://www.minimalbears.com/audio/tfss-2ae0b998-cf02-416b-9b39-83bb86a07bca-alex thank.wav', 'alex', 42),
('http://www.minimalbears.com/audio/tfss-3f240be4-b788-4136-9125-fbe19006d145-kaija week.wav', 'kaija', 327),
('http://www.minimalbears.com/audio/tfss-8e0f8ef2-0af6-47e6-b1eb-9b4720d8d9a4-stas win.wav', 'stas', 180),
('http://www.minimalbears.com/audio/tfss-1003c5f4-8a10-406c-9a41-af88227ef9f7-asher eel.wav', 'asher', 345),
('http://www.minimalbears.com/audio/tfss-08034d9c-baa2-41d4-8f14-5df2284f0e0b-wozza slipper.wav', 'wozza', 269),
('http://www.minimalbears.com/audio/tfss-0599f507-4d0a-4895-8f1c-6d87562ee884-wozza hid.wav', 'wozza', 54),
('http://www.minimalbears.com/audio/tfss-0df53068-2e38-409c-ad2e-d17317bf34c5-alex chick2.wav', 'alex', 282),
('http://www.minimalbears.com/audio/tfss-4d571e24-8699-4a89-b2f6-3317f2b15894-fran sink.wav', 'fran', 68),
('http://www.minimalbears.com/audio/tfss-c2779b9e-12fd-4958-bbfa-285fb553abca-kaija wreak.wav', 'kaija', 290),
('http://www.minimalbears.com/audio/tfss-7b20a5af-bb69-4bfb-a617-57e8baa2755e-stas hit.wav', 'stas', 229),
('http://www.minimalbears.com/audio/tfss-42505bda-b350-42f7-a615-d84674117c24-stas tense.wav', 'stas', 188),
('http://www.minimalbears.com/audio/tfss-8938db18-8e30-46d2-81fc-a9838405897f-kaija shit.wav', 'kaija', 109),
('http://www.minimalbears.com/audio/tfss-5754c658-e219-4cdd-8940-5ab610eb830d-asher sheet2.wav', 'asher', 324),
('http://www.minimalbears.com/audio/tfss-5b4e02bb-9e3c-4d72-b798-7b05ffa7e3ff-alex fourth.wav', 'alex', 192),
('http://www.minimalbears.com/audio/tfss-c415fb39-883c-42ad-bb9a-5a6c9cf00ce7-alex sigh.wav', 'alex', 92),
('http://www.minimalbears.com/audio/tfss-bcddd499-8d57-401d-bf3a-c85dd4757af5-asher sit.wav', 'asher', 168),
('http://www.minimalbears.com/audio/tfss-d6a491dd-06b2-436f-8e65-fefe24e1c712-stas hill.wav', 'stas', 84),
('http://www.minimalbears.com/audio/tfss-bf088899-fab2-4909-b4e5-df6b444ec6ad-fran grin.wav', 'fran', 50),
('http://www.minimalbears.com/audio/tfss-1fb74049-2f8b-4231-a438-5a388c5b51cb-stas bitch.wav', 'stas', 107),
('http://www.minimalbears.com/audio/tfss-e0a4b136-e096-4b74-84c5-19941a32ac74-kaija keep.wav', 'kaija', 137),
('http://www.minimalbears.com/audio/tfss-8a2c95f9-25a8-4c32-855b-fa500b4edd8e-asher hit.wav', 'asher', 229),
('http://www.minimalbears.com/audio/tfss-d6a3bdec-0990-48d7-b799-e8939ec074ac-fran thigh.wav', 'fran', 285),
('http://www.minimalbears.com/audio/tfss-41bbabda-4fd1-4e46-9cba-f47a01c5aa15-asher grin.wav', 'asher', 50),
('http://www.minimalbears.com/audio/tfss-32f3016d-f78c-45ca-a729-2d9c9ce80588-wozza ill.wav', 'wozza', 199),
('http://www.minimalbears.com/audio/tfss-a06ea053-e571-4420-9a64-db0effe08a71-alex kin.wav', 'alex', 162),
('http://www.minimalbears.com/audio/tfss-e1c74cc3-26dc-471f-9c26-721e443b7412-wozza win.wav', 'wozza', 180),
('http://www.minimalbears.com/audio/tfss-745e6ae5-594e-44e8-9483-1556e46d6eb5-asher kin.wav', 'asher', 162),
('http://www.minimalbears.com/audio/tfss-edb10166-b169-43d2-8060-8ec447c3f00d-fran sid.wav', 'fran', 61),
('http://www.minimalbears.com/audio/tfss-27b3bf3b-7e5d-468a-9cbe-1f6755527c89-asher win.wav', 'asher', 180),
('http://www.minimalbears.com/audio/tfss-eaa254d6-2feb-496e-b745-c96632e99d04-stas mouse.wav', 'stas', 273),
('http://www.minimalbears.com/audio/tfss-e341f775-f9c1-42ef-96b4-d2cc2b3a99b0-alex tim.wav', 'alex', 291),
('http://www.minimalbears.com/audio/tfss-8135a49b-7ae3-4928-bdcf-66894368aa5d-fran ship.wav', 'fran', 289),
('http://www.minimalbears.com/audio/tfss-671ff29c-e837-4cfb-acdb-29eada60d9d4-kaija fill.wav', 'kaija', 122),
('http://www.minimalbears.com/audio/tfss-528c3aae-0999-49da-9ac7-1706d7a10a10-wozza meet.wav', 'wozza', 73),
('http://www.minimalbears.com/audio/tfss-5424f1eb-a334-49ea-80e6-aeb8d055a084-alex force.wav', 'alex', 96),
('http://www.minimalbears.com/audio/tfss-19b1d2b6-71b5-49f2-bd66-4e2bea62e89b-kaija tit.wav', 'kaija', 215),
('http://www.minimalbears.com/audio/tfss-6200956a-ccf8-4a34-9f17-2dc1556766c7-asher rid.wav', 'asher', 70),
('http://www.minimalbears.com/audio/tfss-be8ea7a1-f4b4-46c5-b76c-3506a6479c20-wozza eel.wav', 'wozza', 345),
('http://www.minimalbears.com/audio/tfss-5f1f0941-1fc5-4a0e-a0eb-dcf581112217-stas think.wav', 'stas', 48),
('http://www.minimalbears.com/audio/tfss-a23845e1-09d2-4e96-80cb-cfb3e3c84831-stas thick.wav', 'stas', 12),
('http://www.minimalbears.com/audio/tfss-36c1e65e-510f-4dd8-88cc-48d450ec5696-fran mouth.wav', 'fran', 299),
('http://www.minimalbears.com/audio/tfss-ac0dfeb2-550d-4148-aba5-889f9b71c0d5-asher chick.wav', 'asher', 282),
('http://www.minimalbears.com/audio/tfss-bdefcd69-7b04-4687-8146-a6e979ac32a5-wozza hit.wav', 'wozza', 229),
('http://www.minimalbears.com/audio/tfss-567d6227-a7a8-4007-a75a-23faed90d901-stas fill.wav', 'stas', 122),
('http://www.minimalbears.com/audio/tfss-6e90d70c-07ac-4525-8ae2-6ba2c6308fad-alex thin.wav', 'alex', 93),
('http://www.minimalbears.com/audio/tfss-7fd5e919-92ab-4135-be5a-33773968af41-kaija bean.wav', 'kaija', 281),
('http://www.minimalbears.com/audio/tfss-50c5901e-738b-4059-b45b-f4d547a4f11c-stas team.wav', 'stas', 94),
('http://www.minimalbears.com/audio/tfss-c157a891-ce23-475d-b052-f3deb15cab10-kaija beach.wav', 'kaija', 105),
('http://www.minimalbears.com/audio/tfss-22e9de43-a284-48fb-a7ef-390b89d1494a-alex dipper.wav', 'alex', 100),
('http://www.minimalbears.com/audio/tfss-96c9c9b4-8d72-407d-ba08-3df02e8de29b-stas eel.wav', 'stas', 345),
('http://www.minimalbears.com/audio/tfss-f9ff70ef-61f5-4d37-86d2-33de8897e0da-kaija sick.wav', 'kaija', 270),
('http://www.minimalbears.com/audio/tfss-096a4f6b-0574-402b-8684-e1f5581dc4d8-asher wreak.wav', 'asher', 290),
('http://www.minimalbears.com/audio/tfss-0f0b3b11-94b4-4ea6-854c-c97b25132f52-wozza seam.wav', 'wozza', 346),
('http://www.minimalbears.com/audio/tfss-c4ff5356-9a38-44c6-a2c2-2a00e2cf4d88-alex surd.wav', 'alex', 227),
('http://www.minimalbears.com/audio/tfss-105891ec-6b21-426c-bc0e-e3924c89c8e5-wozza teen.wav', 'wozza', 171),
('http://www.minimalbears.com/audio/tfss-fde39ffe-90cb-45e9-b612-8f4cbcbd8552-fran tit.wav', 'fran', 215),
('http://www.minimalbears.com/audio/tfss-4993d8d1-9d77-41b6-aeff-9474fdff7a7a-stas chick.wav', 'stas', 282),
('http://www.minimalbears.com/audio/tfss-e727b989-81c4-4dad-9615-a5ebc89c26c4-asher wheat.wav', 'asher', 127),
('http://www.minimalbears.com/audio/tfss-e6766da2-e8be-49f2-b54d-d6f72029677c-stas meet.wav', 'stas', 73),
('http://www.minimalbears.com/audio/tfss-75daa708-b906-469c-831f-a428fb8ae9e1-alex thought.wav', 'alex', 148),
('http://www.minimalbears.com/audio/tfss-d26438d1-e9b0-4335-8d8d-f94f1b729d7d-stas heed.wav', 'stas', 59),
('http://www.minimalbears.com/audio/tfss-825c362c-00fc-464c-b2bf-2b716ef0f3ce-alex lead.wav', 'alex', 117),
('http://www.minimalbears.com/audio/tfss-11672a0c-1025-4650-867c-453839f2ddd7-stas bid.wav', 'stas', 31),
('http://www.minimalbears.com/audio/tfss-d1616938-348d-4709-a757-2af7cdeaaeca-wozza fees.wav', 'wozza', 14),
('http://www.minimalbears.com/audio/tfss-65fc6584-f149-454b-8d5f-87654f8ecda1-kaija greet.wav', 'kaija', 206),
('http://www.minimalbears.com/audio/tfss-89e11e2d-b135-4592-851e-6b000fbdba37-asher lid.wav', 'asher', 33),
('http://www.minimalbears.com/audio/tfss-ab91ecca-0139-4eed-a84c-8ff73dfb58db-fran gross.wav', 'fran', 106),
('http://www.minimalbears.com/audio/tfss-a0f52ba8-ae8d-407e-85c0-8e0fc9cecf39-stas mill.wav', 'stas', 342),
('http://www.minimalbears.com/audio/tfss-63dedbf0-26aa-4cea-9912-1a50095b7b97-fran seal.wav', 'fran', 7),
('http://www.minimalbears.com/audio/tfss-d93f9483-953b-4886-bb4e-dc980f3078f1-kaija feet.wav', 'kaija', 213),
('http://www.minimalbears.com/audio/tfss-59b6ed9b-9ecb-499f-97e9-9f3111ed5d13-fran fist.wav', 'fran', 133),
('http://www.minimalbears.com/audio/tfss-ef45835d-a651-421e-9a70-8a11211c83e7-stas worse.wav', 'stas', 221),
('http://www.minimalbears.com/audio/tfss-b391b57d-d5f7-41d1-b7de-56348bd46045-kaija sin.wav', 'kaija', 298),
('http://www.minimalbears.com/audio/tfss-5c43e6bf-6e4f-4602-90d6-380c931fdcee-stas sump.wav', 'stas', 218),
('http://www.minimalbears.com/audio/tfss-0dbd6f46-870f-40c0-9dce-55518f56b20c-wozza mouse.wav', 'wozza', 273),
('http://www.minimalbears.com/audio/tfss-2319eed5-f74b-4514-9ab7-ac963b9bb904-asher peat.wav', 'asher', 225),
('http://www.minimalbears.com/audio/tfss-10ab6dee-6bf1-43d6-a3de-bd7b98e64893-wozza song.wav', 'wozza', 110),
('http://www.minimalbears.com/audio/tfss-ba6d9bb4-20fc-4339-8f90-50eed631c825-asher sank.wav', 'asher', 26),
('http://www.minimalbears.com/audio/tfss-5c7b6bf7-28d0-4fa6-a912-c85f23cecffd-stas thorn.wav', 'stas', 52),
('http://www.minimalbears.com/audio/tfss-a9c31d11-2ab8-4a9e-9f80-063952f7acd0-alex win3.wav', 'alex', 180),
('http://www.minimalbears.com/audio/tfss-12dd4c84-fbd7-4888-a602-f1972e6f37cd-kaija sought.wav', 'kaija', 34),
('http://www.minimalbears.com/audio/tfss-f50c3586-09e6-431a-a636-ab5e1005c308-wozza red.wav', 'wozza', 108),
('http://www.minimalbears.com/audio/tfss-6164145a-8e7a-4805-b9a8-1e9573e1a82d-wozza sleet.wav', 'wozza', 30),
('http://www.minimalbears.com/audio/tfss-fba9a510-0ac2-4e55-aea2-2a15d955acc9-stas pit.wav', 'stas', 242),
('http://www.minimalbears.com/audio/tfss-7b3a7a27-2a7b-4ae3-829a-0e03797b1c98-kaija face.wav', 'kaija', 247),
('http://www.minimalbears.com/audio/tfss-a2e6d06c-5630-4b5c-a982-bebc36877e99-asher sid.wav', 'asher', 61),
('http://www.minimalbears.com/audio/tfss-a0fe6cb2-63da-4f5b-ab77-b52d582874b1-kaija seat.wav', 'kaija', 317),
('http://www.minimalbears.com/audio/tfss-307e7cac-a4a4-4d30-b313-8be417192a0a-stas sheet.wav', 'stas', 324),
('http://www.minimalbears.com/audio/tfss-9cd476db-fd0b-4b55-86e9-0c074c4d953c-asher myth.wav', 'asher', 2),
('http://www.minimalbears.com/audio/tfss-641ae2fe-ec26-4e19-9693-af67d8f7994d-fran miss.wav', 'fran', 287),
('http://www.minimalbears.com/audio/tfss-aecf15d2-1825-451c-96bb-31c24fabe71a-fran slipper.wav', 'fran', 269),
('http://www.minimalbears.com/audio/tfss-a6cb8f94-0aa4-462a-b21d-d145eb51fcdd-alex thaw.wav', 'alex', 202),
('http://www.minimalbears.com/audio/tfss-0a1edd8e-773b-44a4-b370-fef45cdcf8ef-kaija heed.wav', 'kaija', 59),
('http://www.minimalbears.com/audio/tfss-3605e15c-596e-47a1-802b-107a27ac7f1e-kaija thick.wav', 'kaija', 12),
('http://www.minimalbears.com/audio/tfss-dd2d49b7-dc66-469b-81b6-13d4b41a765c-wozza grin.wav', 'wozza', 50),
('http://www.minimalbears.com/audio/tfss-8ca3a06f-5a0a-4607-9fdb-a826621f2e4a-kaija myth.wav', 'kaija', 2),
('http://www.minimalbears.com/audio/tfss-455679fe-9932-433c-bf30-9c62f657fc03-alex race.wav', 'alex', 257),
('http://www.minimalbears.com/audio/tfss-d5569dbe-9b2d-42e7-a0f1-b7d16f9a55c1-alex bead.wav', 'alex', 13),
('http://www.minimalbears.com/audio/tfss-77d49ab2-b588-4bb9-9460-60cfd9db4fd4-fran piece2.wav', 'fran', 286),
('http://www.minimalbears.com/audio/tfss-3cfe9a9f-397b-413c-9f95-40bc2a23a3fd-wozza keen.wav', 'wozza', 46);

-- Pairs --

SELECT pg_catalog.setval('"pair_id_seq"', 455, TRUE);

INSERT INTO pair (contrast, first, second, id) VALUES
(1, 213, 293, 2),
(1, 67, 289, 3),
(1, 234, 328, 4),
(1, 317, 104, 5),
(1, 74, 229, 6),
(1, 102, 303, 7),
(1, 225, 242, 8),
(1, 16, 70, 9),
(1, 283, 215, 10),
(1, 141, 180, 11),
(1, 127, 236, 12),
(1, 115, 298, 13),
(1, 171, 135, 14),
(1, 235, 50, 15),
(1, 206, 170, 16),
(1, 324, 109, 17),
(1, 79, 342, 18),
(1, 193, 122, 19),
(1, 137, 219, 20),
(1, 159, 149, 21),
(1, 143, 270, 22),
(1, 345, 199, 23),
(1, 95, 84, 24),
(1, 151, 280, 25),
(1, 165, 28, 26),
(1, 23, 276, 27),
(1, 13, 31, 28),
(1, 59, 54, 29),
(1, 155, 372, 30),
(1, 124, 204, 31),
(1, 81, 194, 32),
(1, 321, 37, 33),
(1, 7, 161, 34),
(1, 335, 133, 35),
(1, 290, 214, 36),
(1, 14, 36, 37),
(1, 30, 43, 38),
(1, 147, 57, 39),
(1, 117, 33, 40),
(1, 309, 282, 41),
(1, 241, 253, 42),
(1, 189, 103, 43),
(1, 249, 275, 44),
(1, 73, 266, 45),
(1, 63, 341, 46),
(1, 17, 269, 47),
(1, 140, 100, 48),
(1, 65, 53, 49),
(1, 281, 129, 50),
(1, 116, 71, 51),
(1, 327, 264, 52),
(1, 94, 291, 53),
(1, 46, 162, 54),
(1, 158, 166, 55),
(1, 339, 173, 56),
(1, 72, 296, 57),
(1, 278, 152, 58),
(2, 302, 38, 59),
(2, 34, 148, 60),
(2, 273, 299, 61),
(2, 201, 252, 62),
(2, 221, 51, 63),
(2, 227, 200, 64),
(2, 112, 202, 65),
(2, 26, 42, 66),
(2, 68, 48, 67),
(2, 218, 277, 68),
(2, 270, 12, 69),
(2, 287, 2, 70),
(2, 188, 156, 71),
(2, 44, 195, 72),
(2, 96, 192, 73),
(2, 334, 97, 74),
(2, 92, 285, 75),
(2, 346, 212, 76),
(2, 106, 238, 77),
(2, 298, 93, 78),
(2, 247, 154, 79),
(2, 301, 66, 80),
(2, 292, 52, 81),
(2, 257, 217, 82),
(2, 110, 98, 83),
(2, 376, 377, 84),
(3, 328, 239, 85),
(3, 104, 163, 86),
(3, 303, 265, 87),
(3, 242, 314, 88),
(3, 70, 108, 89),
(3, 180, 326, 90),
(3, 236, 248, 91),
(3, 135, 119, 92),
(3, 342, 378, 93),
(3, 122, 379, 94),
(3, 270, 255, 96),
(3, 84, 259, 97),
(3, 276, 177, 98),
(3, 380, 381, 99),
(3, 31, 310, 100),
(3, 54, 22, 101),
(3, 372, 300, 102),
(3, 319, 10, 103),
(3, 382, 114, 104),
(3, 37, 383, 105),
(3, 161, 384, 106),
(3, 133, 385, 107),
(3, 214, 25, 108),
(3, 36, 386, 109),
(3, 387, 271, 110),
(3, 33, 35, 111),
(3, 388, 389, 112),
(3, 390, 391, 113),
(3, 282, 392, 114),
(3, 266, 76, 115),
(3, 393, 330, 116),
(3, 53, 336, 117),
(3, 129, 284, 118),
(3, 394, 395, 119),
(3, 371, 370, 120),
(3, 396, 374, 121),
(3, 397, 184, 122),
(3, 398, 203, 123),
(3, 162, 120, 124),
(3, 296, 174, 125),
(3, 152, 136, 126),
(3, 399, 400, 127),
(4, 239, 3, 128),
(4, 163, 168, 129),
(4, 265, 182, 130),
(4, 314, 272, 131),
(4, 108, 401, 132),
(4, 119, 226, 133),
(4, 255, 178, 135),
(4, 259, 373, 136),
(4, 177, 348, 137),
(4, 310, 267, 138),
(4, 22, 91, 139),
(4, 300, 186, 140),
(4, 190, 340, 141),
(4, 167, 69, 142),
(4, 262, 216, 143),
(4, 99, 5, 144),
(4, 10, 183, 145),
(4, 114, 294, 146),
(4, 25, 318, 147),
(4, 271, 198, 148),
(4, 268, 208, 149),
(4, 187, 297, 150),
(4, 197, 323, 151),
(4, 35, 347, 152),
(4, 76, 78, 153),
(4, 336, 244, 154),
(4, 284, 220, 155),
(4, 184, 18, 156),
(4, 246, 111, 157),
(4, 8, 308, 158),
(4, 322, 41, 159),
(4, 295, 60, 160),
(4, 21, 49, 161),
(4, 58, 331, 162),
(4, 403, 404, 163),
(4, 203, 20, 164),
(4, 120, 176, 165),
(4, 174, 375, 166),
(5, 3, 343, 167),
(5, 405, 304, 168),
(5, 182, 9, 169),
(5, 272, 316, 170),
(5, 226, 406, 171),
(5, 407, 179, 172),
(5, 408, 88, 173),
(5, 178, 274, 174),
(5, 373, 409, 175),
(5, 348, 410, 176),
(5, 267, 411, 177),
(5, 69, 325, 178),
(5, 216, 412, 179),
(5, 5, 413, 180),
(5, 183, 414, 181),
(5, 294, 415, 182),
(5, 198, 164, 183),
(5, 323, 211, 184),
(5, 78, 416, 185),
(5, 244, 417, 186),
(5, 220, 418, 187),
(5, 20, 419, 188),
(5, 420, 85, 189),
(5, 421, 145, 190),
(5, 422, 313, 191),
(5, 375, 423, 192),
(6, 343, 130, 193),
(6, 304, 222, 194),
(6, 9, 77, 195),
(6, 316, 15, 196),
(6, 179, 207, 197),
(6, 88, 131, 198),
(6, 274, 64, 199),
(6, 260, 261, 200),
(6, 325, 185, 201),
(6, 164, 40, 202),
(6, 211, 27, 203),
(6, 125, 29, 204),
(6, 169, 243, 205),
(6, 47, 338, 206),
(6, 85, 157, 207),
(6, 145, 263, 208),
(6, 313, 256, 209),
(6, 19, 237, 210),
(6, 83, 55, 211),
(6, 424, 425, 212),
(6, 426, 427, 213),
(6, 428, 429, 214),
(6, 430, 431, 215),
(6, 301, 432, 216),
(7, 128, 148, 217),
(7, 230, 200, 218),
(7, 118, 202, 219),
(7, 146, 2, 220),
(7, 319, 93, 221),
(7, 32, 52, 222),
(7, 132, 312, 223),
(7, 86, 251, 224),
(7, 134, 307, 225),
(8, 123, 240, 226),
(8, 80, 279, 227),
(8, 196, 209, 228),
(8, 233, 320, 229),
(8, 87, 288, 230),
(8, 315, 4, 231),
(8, 223, 121, 232),
(8, 11, 90, 233),
(8, 191, 231, 234),
(9, 239, 181, 235),
(9, 153, 62, 236),
(9, 39, 250, 237),
(9, 144, 254, 238),
(9, 232, 329, 239),
(9, 138, 228, 240),
(9, 311, 333, 241),
(9, 89, 56, 242),
(9, 75, 224, 243),
(9, 3, 332, 244),
(9, 139, 210, 245),
(9, 220, 150, 246),
(9, 337, 142, 247),
(9, 172, 175, 248),
(10, 181, 248, 249),
(10, 126, 321, 250),
(10, 62, 82, 251),
(10, 250, 305, 252),
(10, 254, 330, 253),
(10, 329, 136, 254),
(10, 101, 306, 255),
(10, 245, 221, 256),
(10, 333, 24, 257),
(10, 224, 1, 258),
(10, 210, 113, 259),
(10, 142, 173, 260),
(10, 6, 344, 261),
(11, 351, 352, 262),
(11, 433, 353, 263),
(11, 434, 349, 264),
(11, 435, 436, 265),
(11, 437, 438, 266),
(11, 439, 440, 267),
(11, 441, 354, 268),
(11, 442, 443, 269),
(11, 444, 445, 270),
(11, 446, 447, 271),
(11, 448, 449, 272),
(11, 450, 451, 273),
(11, 452, 257, 274),
(11, 453, 454, 275),
(11, 117, 16, 276),
(11, 455, 456, 277),
(11, 457, 458, 278),
(11, 459, 460, 279),
(11, 461, 462, 280),
(11, 463, 464, 281),
(11, 465, 157, 282),
(11, 466, 467, 283),
(11, 374, 138, 284),
(11, 355, 468, 285),
(11, 469, 470, 286),
(11, 471, 472, 287),
(11, 473, 474, 288),
(11, 475, 476, 289),
(11, 477, 318, 290),
(11, 478, 479, 291),
(11, 480, 481, 292),
(11, 482, 483, 293),
(11, 484, 11, 294),
(11, 485, 486, 295),
(11, 487, 371, 296),
(11, 488, 489, 297),
(11, 87, 490, 298),
(11, 491, 492, 299),
(11, 493, 494, 300),
(11, 495, 496, 301),
(11, 497, 498, 302),
(11, 499, 500, 303),
(11, 501, 502, 304),
(11, 503, 504, 305),
(11, 505, 506, 306),
(11, 507, 508, 307),
(11, 509, 510, 308),
(11, 35, 108, 309),
(11, 511, 512, 310),
(11, 513, 514, 311),
(11, 33, 70, 312),
(11, 515, 516, 313),
(11, 517, 518, 314),
(11, 519, 520, 315),
(11, 521, 522, 316),
(11, 356, 523, 317),
(11, 358, 357, 318),
(11, 524, 525, 319),
(11, 526, 527, 320),
(11, 528, 529, 321),
(11, 530, 531, 322),
(11, 532, 533, 323),
(11, 534, 535, 324),
(11, 536, 537, 325),
(11, 538, 359, 326),
(11, 539, 290, 327),
(11, 540, 541, 328),
(11, 542, 543, 329),
(11, 544, 545, 330),
(11, 546, 214, 331),
(11, 547, 548, 332),
(11, 549, 550, 333),
(11, 551, 552, 334),
(11, 553, 554, 335),
(11, 555, 556, 336),
(11, 557, 558, 337),
(11, 559, 363, 338),
(11, 560, 561, 339),
(11, 562, 563, 340),
(11, 564, 565, 341),
(11, 566, 567, 342),
(11, 568, 569, 343),
(11, 570, 571, 344),
(11, 572, 573, 345),
(11, 574, 575, 346),
(11, 576, 577, 347),
(11, 578, 579, 348),
(11, 580, 581, 349),
(11, 582, 583, 350),
(11, 584, 585, 351),
(11, 586, 587, 352),
(11, 588, 589, 353),
(11, 590, 350, 354),
(11, 591, 592, 355),
(11, 593, 594, 356),
(11, 595, 596, 357),
(11, 597, 598, 358),
(11, 360, 599, 359),
(11, 600, 601, 360),
(11, 602, 603, 361),
(11, 604, 605, 362),
(11, 606, 607, 363),
(11, 608, 361, 364),
(11, 609, 610, 365),
(11, 611, 612, 366),
(11, 613, 614, 367),
(11, 615, 616, 368),
(11, 617, 618, 369),
(11, 619, 620, 370),
(11, 621, 622, 371),
(11, 623, 362, 372),
(11, 624, 625, 373),
(12, 626, 627, 374),
(12, 628, 629, 375),
(12, 630, 631, 376),
(12, 632, 633, 377),
(12, 634, 635, 378),
(12, 636, 637, 379),
(12, 638, 639, 380),
(12, 640, 641, 381),
(12, 642, 643, 382),
(12, 644, 645, 383),
(12, 646, 647, 384),
(12, 648, 649, 385),
(12, 650, 651, 386),
(12, 652, 653, 387),
(12, 654, 655, 388),
(12, 656, 657, 389),
(12, 658, 659, 390),
(12, 660, 661, 391),
(12, 662, 663, 392),
(12, 664, 665, 393),
(13, 666, 667, 394),
(13, 668, 669, 395),
(13, 670, 671, 396),
(13, 672, 673, 397),
(13, 674, 675, 398),
(13, 676, 677, 399),
(13, 678, 679, 400),
(13, 680, 681, 401),
(13, 682, 683, 402),
(13, 684, 685, 403),
(13, 686, 687, 404),
(13, 688, 689, 405),
(13, 690, 691, 406),
(13, 692, 693, 407),
(13, 694, 695, 408),
(13, 696, 697, 409),
(13, 698, 699, 410),
(13, 700, 701, 411),
(13, 702, 703, 412),
(13, 704, 705, 413),
(13, 706, 707, 414),
(13, 708, 709, 415),
(13, 710, 711, 416),
(13, 712, 713, 417),
(13, 714, 364, 418),
(13, 715, 365, 419),
(13, 716, 717, 420),
(13, 718, 719, 421),
(13, 720, 366, 422),
(14, 721, 722, 423),
(14, 723, 724, 424),
(14, 725, 726, 425),
(14, 727, 728, 426),
(14, 729, 730, 427),
(14, 731, 732, 428),
(14, 733, 734, 429),
(14, 735, 736, 430),
(14, 737, 738, 431),
(14, 739, 740, 432),
(14, 741, 742, 433),
(14, 743, 744, 434),
(14, 745, 746, 435),
(14, 747, 748, 436),
(14, 749, 750, 437),
(14, 751, 752, 438),
(15, 753, 754, 439),
(15, 755, 756, 440),
(15, 757, 758, 441),
(15, 759, 760, 442),
(15, 761, 762, 443),
(15, 763, 764, 444),
(15, 765, 766, 445),
(15, 767, 768, 446),
(15, 769, 770, 447),
(15, 771, 772, 448),
(15, 773, 774, 449),
(16, 775, 776, 450),
(16, 777, 778, 451),
(16, 779, 780, 452),
(16, 781, 782, 453),
(16, 783, 784, 454),
(16, 367, 368, 455);

-- add practice data for development
INSERT INTO private.practice (account, stamp, correct, pair, audio) VALUES
('myusername', now() - interval '2 days 3 hours', TRUE, 22, 'http://www.minimalbears.com/audio/tfss-899324fe-eb52-4aa2-8e96-a45dba306faa-kaija seek.wav'),
('myusername', now() - interval '1 hour', TRUE, 22, 'http://www.minimalbears.com/audio/tfss-899324fe-eb52-4aa2-8e96-a45dba306faa-kaija seek.wav'),
('myusername', now() - interval '1 week 3 days', FALSE, 22, 'http://www.minimalbears.com/audio/tfss-899324fe-eb52-4aa2-8e96-a45dba306faa-kaija seek.wav'),
('myusername', now() - interval '14 weeks', FALSE, 423, 'http://www.minimalbears.com/audio/tfss-3cfe9a9f-397b-413c-9f95-40bc2a23a3fd-wozza keen.wav'),
('myusername', now() - interval '14 weeks 1 hour', TRUE, 423, 'http://www.minimalbears.com/audio/tfss-3cfe9a9f-397b-413c-9f95-40bc2a23a3fd-wozza keen.wav');
